scan,stamp_ns,points
0,1760697799187421577,177
1,1760697799308838558,188
2,1760697799430456287,188
3,1760697799553490384,184
4,1760697799688857135,169
5,1760697799811460537,171
6,1760697799933969606,158
7,1760697800057049508,159
8,1760697800191695205,151
9,1760697800314816780,158
10,1760697800437883020,168
11,1760697800560856031,187
12,1760697800695576148,187
13,1760697800819146869,202
14,1760697800941638783,221
15,1760697801064187049,221
16,1760697801199428276,224
17,1760697801320744882,237
18,1760697801444593763,226
19,1760697801567207371,219
20,1760697801703290664,217
21,1760697801824573062,215
22,1760697801948687864,208
23,1760697802071749606,215
24,1760697802206611204,217
25,1760697802329535087,218
26,1760697802452706960,207
27,1760697802574732439,193
28,1760697802709822923,179
29,1760697802832638519,306
30,1760697802957307946,320
31,1760697803077764941,292
32,1760697803214016583,285
33,1760697803337139222,294
34,1760697803459626726,303
35,1760697803581922025,321
36,1760697803718285601,333
37,1760697803840274626,330
38,1760697803963821597,330
39,1760697804086574175,319
40,1760697804221899385,320
41,1760697804344387652,296
42,1760697804466859337,315
43,1760697804588916748,294
44,1760697804724964696,298
45,1760697804847634370,311
46,1760697804971264439,291
47,1760697805093310179,290
48,1760697805228352486,257
49,1760697805350781702,260
50,1760697805473961220,251
51,1760697805596396725,254
52,1760697805732137249,239
53,1760697805854402841,250
54,1760697805977504512,247
55,1760697806100273300,251
56,1760697806235569466,264
57,1760697806358384563,253
58,1760697806481245337,232
59,1760697806604161159,244
60,1760697806738984203,261
61,1760697806862170308,271
62,1760697806985034317,283
63,1760697807107930933,298
64,1760697807243080357,293
65,1760697807365733419,265
66,1760697807488328783,245
67,1760697807610987978,251
68,1760697807746127397,219
69,1760697807868990205,228
70,1760697807991972575,232
71,1760697808114770870,228
72,1760697808250049440,194
73,1760697808372326027,197
74,1760697808494789098,185
75,1760697808618031317,187
76,1760697808753025054,181
77,1760697808876075766,201
78,1760697808999292232,211
79,1760697809121776100,201
80,1760697809257112666,219
81,1760697809379892750,210
82,1760697809502717876,191
83,1760697809625242623,189
84,1760697809760058514,192
85,1760697809882932760,208
86,1760697810005839553,196
87,1760697810128717863,183
88,1760697810263749283,207
89,1760697810386863427,224
90,1760697810510061596,215
91,1760697810632355702,194
92,1760697810767726828,210
93,1760697810890864756,202
94,1760697811013471667,228
95,1760697811135720613,206
96,1760697811271374490,200
97,1760697811393805528,189
98,1760697811516814734,200
99,1760697811638954146,208
100,1760697811774227941,188
101,1760697811897463876,198
102,1760697812020096619,215
103,1760697812142948873,203
104,1760697812278244899,218
105,1760697812400588110,210
106,1760697812524044132,199
107,1760697812646895126,206
108,1760697812769481580,205
109,1760697812904285584,179
110,1760697813027397895,226
111,1760697813150373751,205
112,1760697813273042664,208
113,1760697813408035112,212
114,1760697813531086851,214
115,1760697813653561947,197
116,1760697813776847484,207
117,1760697813911965173,191
118,1760697814034783297,212
119,1760697814157885832,199
120,1760697814280534238,229
121,1760697814415382575,199
122,1760697814538788555,216
123,1760697814661584278,214
124,1760697814783913152,223
125,1760697814919331371,226
126,1760697815041841765,221
127,1760697815164498782,202
128,1760697815287263371,208
129,1760697815422812821,221
130,1760697815544931911,186
131,1760697815667553802,192
132,1760697815803370633,221
133,1760697815925625468,189
134,1760697816048834129,190
135,1760697816172747033,194
136,1760697816306377191,126
137,1760697816428870283,113
138,1760697816552290100,131
139,1760697816687414584,116
140,1760697816810375253,151
141,1760697816932941749,143
142,1760697817055431264,132
143,1760697817190905172,148
144,1760697817311894112,139
145,1760697817436729509,148
146,1760697817557999088,138
147,1760697817694494258,136
148,1760697817816842941,136
149,1760697817939862241,124
150,1760697818062534845,142
151,1760697818197457193,109
152,1760697818319565676,135
153,1760697818443934026,138
154,1760697818566228589,134
155,1760697818701968628,136
156,1760697818824572742,130
157,1760697818947256262,114
158,1760697819069263898,137
159,1760697819204897324,114
160,1760697819327774831,124
161,1760697819450473764,115
162,1760697819573200141,119
163,1760697819696275710,121
164,1760697819831136594,121
165,1760697819954435066,140
166,1760697820076840791,133
167,1760697820212723622,125
168,1760697820334615382,138
169,1760697820458538662,143
170,1760697820580355864,153
171,1760697820716329835,164
172,1760697820838492590,156
173,1760697820961768196,134
174,1760697821084456437,122
175,1760697821219937209,149
176,1760697821342204795,141
177,1760697821465355453,161
178,1760697821588406742,153
179,1760697821722928904,117
180,1760697821845739852,136
181,1760697821968965826,137
182,1760697822091823511,132
183,1760697822226986755,139
184,1760697822349676706,157
185,1760697822472489194,145
186,1760697822595110257,143
187,1760697822730640295,154
188,1760697822852806428,160
189,1760697822976115634,157
190,1760697823111180787,180
191,1760697823234076914,173
192,1760697823357091027,166
193,1760697823480025608,182
194,1760697823615215558,218
195,1760697823738250102,188
196,1760697823860727006,183
197,1760697823995841792,196
198,1760697824119081164,257
199,1760697824254032142,260
200,1760697824376724080,258
201,1760697824499492338,249
202,1760697824634437423,243
203,1760697824757127191,197
204,1760697824880307650,224
205,1760697825003645131,198
206,1760697825137978805,196
207,1760697825261055284,195
208,1760697825383501353,167
209,1760697825518619288,174
210,1760697825641404745,189
211,1760697825764430211,174
212,1760697825887547274,202
213,1760697826022644839,216
214,1760697826145562485,220
215,1760697826268369787,207
216,1760697826403486454,220
217,1760697826526035161,215
218,1760697826649313528,239
219,1760697826784170168,223
220,1760697826906933787,246
221,1760697827030056053,243
222,1760697827164850338,258
223,1760697827288309920,235
224,1760697827410727825,249
225,1760697827533374005,246
226,1760697827668312196,221
227,1760697827791039359,216
228,1760697827915320585,240
229,1760697828037039628,228
230,1760697828171999455,189
231,1760697828294830376,210
232,1760697828417478717,212
233,1760697828540403080,222
234,1760697828675500283,220
235,1760697828798795433,249
236,1760697828921666650,245
237,1760697829044397741,260
238,1760697829179230041,242
239,1760697829301823479,208
240,1760697829424613667,210
241,1760697829547624084,180
242,1760697829682723045,219
243,1760697829806163330,233
244,1760697829928598484,236
245,1760697830051525123,255
246,1760697830186870277,249
247,1760697830308927589,223
248,1760697830431982043,197
249,1760697830567054696,209
250,1760697830690001010,211
251,1760697830812684335,204
252,1760697830935829960,187
253,1760697831069488612,189
254,1760697831193399289,194
255,1760697831315646404,201
256,1760697831437308250,208
257,1760697831572980980,188
258,1760697831695575644,206
259,1760697831818253440,219
260,1760697831953576196,190
261,1760697832076025664,194
262,1760697832198927218,189
263,1760697832322448281,197
264,1760697832458352259,149
265,1760697832579975404,145
266,1760697832702846554,152
267,1760697832825332088,146
268,1760697832960719962,147
269,1760697833083349521,137
270,1760697833206105056,137
271,1760697833328953597,139
272,1760697833464056456,138
273,1760697833586754061,118
274,1760697833709699334,112
275,1760697833845018296,133
276,1760697833967794674,129
277,1760697834091708588,136
278,1760697834213636812,131
279,1760697834348383852,140
280,1760697834471450645,120
281,1760697834594214541,142
282,1760697834717176555,144
283,1760697834852240343,181
284,1760697834974962258,170
285,1760697835098959419,183
286,1760697835222017418,191
287,1760697835357435662,225
288,1760697835480263285,218
289,1760697835603585695,226
290,1760697835726261437,241
291,1760697835860829890,244
292,1760697835982570668,234
293,1760697836108341622,248
294,1760697836229527147,240
295,1760697836364826921,255
296,1760697836486205239,271
297,1760697836610030064,270
298,1760697836733208830,255
299,1760697836868222772,263
300,1760697836991070241,261
301,1760697837114212983,266
302,1760697837249235596,274
303,1760697837372075679,284
304,1760697837492717370,250
305,1760697837617440182,249
306,1760697837752546803,255
307,1760697837875036925,257
308,1760697837996476381,256
309,1760697838121780391,250
310,1760697838256115563,269
311,1760697838378783267,279
312,1760697838502369618,271
313,1760697838624321888,250
314,1760697838759418241,223
315,1760697838882707870,238
316,1760697839005297116,224
317,1760697839140343205,219
318,1760697839263069000,230
319,1760697839386079152,216
320,1760697839508882236,239
321,1760697839644022363,261
322,1760697839767017410,249
323,1760697839889492137,229
324,1760697840012598417,241
325,1760697840147682600,234
326,1760697840271024069,252
327,1760697840393299598,260
328,1760697840516157258,254
329,1760697840639361830,266
330,1760697840774146252,263
331,1760697840897339045,268
332,1760697841019904891,265
333,1760697841142745362,271
334,1760697841278026739,274
335,1760697841400548685,268
336,1760697841523366531,270
337,1760697841646361661,287
338,1760697841781530242,283
339,1760697841904280050,268
340,1760697842025976690,275
341,1760697842148479628,268
342,1760697842283318158,255
343,1760697842405948765,272
344,1760697842528757686,263
345,1760697842651465500,239
346,1760697842786873792,251
347,1760697842909524278,243
348,1760697843032469887,254
349,1760697843155222027,277
350,1760697843290910318,291
351,1760697843413452786,296
352,1760697843536619638,317
353,1760697843671201998,329
354,1760697843794054845,306
355,1760697843916727384,307
356,1760697844039707642,307
357,1760697844174568692,303
358,1760697844297929158,305
359,1760697844420695183,293
360,1760697844543954409,294
361,1760697844679812461,267
362,1760697844803161482,279
363,1760697844925825157,297
364,1760697845048378387,339
365,1760697845184022225,345
366,1760697845306826570,335
367,1760697845429359115,347
368,1760697845552670568,347
369,1760697845688186994,359
370,1760697845812364487,343
371,1760697845933014438,321
372,1760697846067884572,315
373,1760697846191039150,315
374,1760697846314974294,310
375,1760697846436666268,318
376,1760697846571865660,321
377,1760697846694673378,289
378,1760697846817121821,291
379,1760697846940200092,319
380,1760697847074913842,300
381,1760697847197981049,291
382,1760697847319891701,294
383,1760697847443231188,278
384,1760697847577793743,271
385,1760697847701592983,278
386,1760697847823123301,294
387,1760697847959394894,290
388,1760697848082188443,264
389,1760697848205647399,295
390,1760697848326808020,258
391,1760697848450441821,235
392,1760697848584933720,267
393,1760697848708828363,254
394,1760697848830786700,271
395,1760697848954344830,269
396,1760697849089520246,260
397,1760697849212509017,272
398,1760697849334490374,286
399,1760697849457621537,270
400,1760697849593017243,270
401,1760697849716067286,241
402,1760697849839458403,269
403,1760697849961455018,240
404,1760697850096243400,255
405,1760697850220340182,255
406,1760697850341950947,229
407,1760697850465176753,248
408,1760697850600120051,240
409,1760697850723098177,244
410,1760697850845642956,194
411,1760697850968309979,208
412,1760697851103416548,228
413,1760697851226268380,215
414,1760697851348863427,193
415,1760697851472261982,207
416,1760697851606930260,229
417,1760697851729819209,219
418,1760697851853001553,218
419,1760697851988470614,225
420,1760697852110547956,221
421,1760697852233978186,235
422,1760697852354799464,241
423,1760697852492271167,238
424,1760697852614216984,271
425,1760697852737861270,266
426,1760697852860155885,268
427,1760697852995583348,271
428,1760697853118127976,253
429,1760697853240847874,259
430,1760697853363731739,262
431,1760697853498854736,277
432,1760697853621624652,248
433,1760697853744790677,279
434,1760697853879519645,263
435,1760697854002504593,261
436,1760697854126117926,285
437,1760697854248616532,307
438,1760697854383250210,288
439,1760697854506804775,299
440,1760697854628899471,319
441,1760697854751707900,287
442,1760697854887152724,320
443,1760697855010038900,334
444,1760697855132827281,318
445,1760697855256054450,339
446,1760697855391039917,353
447,1760697855513794810,345
448,1760697855636601235,364
449,1760697855771725120,360
450,1760697855894294639,356
451,1760697856016953788,335
452,1760697856139638922,316
453,1760697856274687671,293
454,1760697856397473484,299
455,1760697856520647286,286
456,1760697856643358874,310
457,1760697856778772184,281
458,1760697856901273291,294
459,1760697857023995717,302
460,1760697857159491785,268
461,1760697857282341870,299
462,1760697857404889334,316
463,1760697857527346189,228
464,1760697857662110276,228
465,1760697857785395272,251
466,1760697857908299012,264
467,1760697858031106909,251
468,1760697858166304865,251
469,1760697858289188078,285
470,1760697858412285076,285
471,1760697858534700630,275
472,1760697858669839265,287
473,1760697858792863352,274
474,1760697858915957394,294
475,1760697859039408783,317
476,1760697859173735337,318
477,1760697859296914243,328
478,1760697859419639602,315
479,1760697859541791848,288
480,1760697859677144096,307
481,1760697859800151943,291
482,1760697859922859848,284
483,1760697860045792865,294
