stamp_ns,latitude_deg,longitude_deg,altitude_m,status,service,var_east_m2,var_north_m2,var_up_m2
1760698146831849704,47.4720649567,19.0633845083,149.4270,2,1,24.6016,24.6016,393.626
1760698147090432672,47.4720649783,19.0633845350,149.4350,2,1,24.6016,24.6016,393.626
1760698147332180544,47.4720649700,19.0633844900,149.4350,2,1,24.6016,24.6016,393.626
1760698147581397622,47.4720649700,19.0633844467,149.4360,2,1,24.6016,24.6016,393.626
1760698147829842290,47.4720649517,19.0633844667,149.4370,2,1,24.6016,24.6016,393.626
1760698148086903732,47.4720649150,19.0633845717,149.4390,2,1,24.6016,24.6016,393.626
1760698148332253043,47.4720649533,19.0633844750,149.4280,2,1,24.2064,24.2064,387.302
1760698148605884585,47.4720649367,19.0633845083,149.4220,2,1,24.2064,24.2064,387.302
1760698148827785496,47.4720649850,19.0633843383,149.4070,2,1,24.2064,24.2064,387.302
1760698149090697506,47.4720649417,19.0633845533,149.4260,2,1,24.2064,24.2064,387.302
1760698149331578999,47.4720649483,19.0633844917,149.4390,2,1,24.2064,24.2064,387.302
1760698149582317795,47.4720649183,19.0633845533,149.4540,2,1,24.2064,24.2064,387.302
1760698149836231328,47.4720648283,19.0633846700,149.4620,2,1,24.2064,24.2064,387.302
1760698150092834273,47.4720648467,19.0633846933,149.4800,2,1,24.2064,24.2064,387.302
1760698150336634733,47.4720650233,19.0633845467,149.4710,2,1,24.2064,24.2064,387.302
1760698150602625224,47.4720650450,19.0633842267,149.4510,2,1,24.2064,24.2064,387.302
1760698150835751775,47.4720650783,19.0633841400,149.4430,2,1,24.2064,24.2064,387.302
1760698151090321757,47.4720651467,19.0633844200,149.4500,2,1,24.2064,24.2064,387.302
1760698151335881994,47.4720650950,19.0633843850,149.4500,2,1,24.2064,24.2064,387.302
1760698151580519917,47.4720651650,19.0633843267,149.4540,2,1,24.2064,24.2064,387.302
1760698151830253105,47.4720650967,19.0633845600,149.4510,2,1,24.2064,24.2064,387.302
1760698152088448040,47.4720651450,19.0633844633,149.4460,2,1,24.2064,24.2064,387.302
1760698152330297762,47.4720650750,19.0633843400,149.4470,2,1,24.2064,24.2064,387.302
1760698152605830137,47.4720648767,19.0633841933,149.4430,2,1,24.2064,24.2064,387.302
1760698152831618578,47.4720641933,19.0633841367,149.4420,2,1,24.2064,24.2064,387.302
1760698153091622197,47.4720632033,19.0633837817,149.4280,2,1,24.2064,24.2064,387.302
1760698153330957114,47.4720624083,19.0633834867,149.4520,2,1,24.2064,24.2064,387.302
1760698153584707983,47.4720614933,19.0633829500,149.4720,2,1,24.2064,24.2064,387.302
1760698153837243409,47.4720605700,19.0633825017,149.4930,2,1,24.2064,24.2064,387.302
1760698154089665209,47.4720598450,19.0633815517,149.4730,2,1,24.2064,24.2064,387.302
1760698154329388393,47.4720589850,19.0633808017,149.4710,2,1,24.2064,24.2064,387.302
1760698154606849313,47.4720582000,19.0633799217,149.4880,2,1,24.2064,24.2064,387.302
1760698154829697369,47.4720573067,19.0633786550,149.4790,2,1,24.2064,24.2064,387.302
1760698155081593587,47.4720565517,19.0633779450,149.4840,2,1,33.64,33.64,538.24
1760698155332293486,47.4720555867,19.0633768083,149.4780,2,1,33.64,33.64,538.24
1760698155579950947,47.4720548083,19.0633755083,149.4900,2,1,33.64,33.64,538.24
1760698155830539349,47.4720541300,19.0633742683,149.5100,2,1,33.64,33.64,538.24
1760698156091855462,47.4720535083,19.0633727267,149.5280,2,1,24.2064,24.2064,387.302
1760698156333682545,47.4720526933,19.0633712833,149.5540,2,1,24.2064,24.2064,387.302
1760698156608385372,47.4720520233,19.0633697000,149.5690,2,1,24.2064,24.2064,387.302
1760698156832573089,47.4720515600,19.0633678300,149.5490,2,1,24.2064,24.2064,387.302
1760698157087434191,47.4720512050,19.0633660317,149.5340,2,1,24.2064,24.2064,387.302
1760698157332190935,47.4720508867,19.0633637400,149.5110,2,1,24.2064,24.2064,387.302
1760698157589059521,47.4720506233,19.0633614617,149.5080,2,1,24.2064,24.2064,387.302
1760698157827525885,47.4720504083,19.0633595167,149.5110,2,1,24.2064,24.2064,387.302
1760698158090559003,47.4720503667,19.0633574150,149.5020,2,1,24.2064,24.2064,387.302
1760698158328961101,47.4720503833,19.0633553317,149.5060,2,1,24.2064,24.2064,387.302
1760698158599655506,47.4720502633,19.0633542100,149.5440,2,1,24.2064,24.2064,387.302
1760698158865905680,47.4720502517,19.0633535383,149.5830,2,1,24.2064,24.2064,387.302
1760698159092747925,47.4720502817,19.0633533333,149.5920,2,1,24.2064,24.2064,387.302
1760698159336800349,47.4720502967,19.0633535467,149.5890,2,1,24.2064,24.2064,387.302
1760698159577639870,47.4720502267,19.0633539267,149.5960,2,1,24.2064,24.2064,387.302
1760698159831874180,47.4720502933,19.0633538217,149.5820,2,1,24.2064,24.2064,387.302
1760698160090036746,47.4720503183,19.0633535950,149.5830,2,1,24.2064,24.2064,387.302
1760698160334062224,47.4720503617,19.0633536267,149.5700,2,1,24.2064,24.2064,387.302
1760698160605969002,47.4720503783,19.0633537150,149.5570,2,1,24.2064,24.2064,387.302
1760698160832305880,47.4720504567,19.0633531533,149.5390,2,1,24.2064,24.2064,387.302
1760698161091888291,47.4720505183,19.0633515300,149.5220,2,1,24.2064,24.2064,387.302
1760698161332193001,47.4720505200,19.0633497817,149.5160,2,1,24.2064,24.2064,387.302
1760698161581991621,47.4720503467,19.0633481267,149.5280,2,1,24.2064,24.2064,387.302
1760698161832605325,47.4720505583,19.0633462700,149.5270,2,1,46.24,46.24,739.84
1760698162087584721,47.4720508183,19.0633441467,149.5020,2,1,46.24,46.24,739.84
1760698162334895258,47.4720506250,19.0633420200,149.5000,2,1,46.24,46.24,739.84
1760698162606824123,47.4720502783,19.0633405450,149.5400,2,1,46.24,46.24,739.84
1760698162834040631,47.4720504700,19.0633384417,149.5320,2,1,24.2064,24.2064,387.302
1760698163083671084,47.4720505600,19.0633363700,149.5480,2,1,24.2064,24.2064,387.302
1760698163332047059,47.4720506467,19.0633338967,149.5570,2,1,46.24,46.24,739.84
1760698163576473175,47.4720505067,19.0633316033,149.5790,2,1,46.24,46.24,739.84
1760698163832482654,47.4720506633,19.0633291717,149.6410,2,1,46.24,46.24,739.84
1760698164081569263,47.4720500867,19.0633268617,149.6950,2,1,46.24,46.24,739.84
1760698164329174959,47.4720503017,19.0633238800,149.7030,2,1,46.24,46.24,739.84
1760698164589948233,47.4720501017,19.0633225000,149.7420,1,1,0.0289,0.0289,0.4624
1760698164827934181,47.4720499417,19.0633208050,149.7730,1,1,0.0289,0.0289,0.4624
1760698165085578043,47.4720498033,19.0633199317,149.7920,1,1,0.0289,0.0289,0.4624
1760698165327063284,47.4720497017,19.0633196800,149.8110,1,1,0.0289,0.0289,0.4624
1760698165579034078,47.4720496967,19.0633199733,149.8280,1,1,0.0289,0.0289,0.4624
1760698165827788916,47.4720496800,19.0633194917,149.8430,2,1,46.24,46.24,739.84
1760698166090220334,47.4720496733,19.0633191433,149.8530,2,1,46.24,46.24,739.84
1760698166332906121,47.4720493683,19.0633182317,149.8750,2,1,46.24,46.24,739.84
1760698166602630205,47.4720490700,19.0633164617,149.8770,2,1,46.24,46.24,739.84
1760698166825012510,47.4720487000,19.0633141983,149.9020,2,1,46.24,46.24,739.84
1760698167085455153,47.4720473050,19.0633097667,149.9260,2,1,46.24,46.24,739.84
1760698167321715275,47.4720457733,19.0633057417,149.9300,1,1,0.035721,0.035721,0.571536
1760698167572629790,47.4720435650,19.0633045900,149.9330,1,1,0.0289,0.0289,0.4624
1760698167823411361,47.4720415050,19.0633011733,149.8760,2,1,46.24,46.24,739.84
1760698168081713736,47.4720396967,19.0633004733,149.8150,1,1,0.015129,0.015129,0.242064
1760698168326064074,47.4720378050,19.0633001200,149.7900,1,1,0.015129,0.015129,0.242064
1760698168595295901,47.4720363083,19.0632995117,149.7360,1,1,0.0289,0.0289,0.4624
1760698168828989519,47.4720351250,19.0632995883,149.7320,2,1,24.2064,24.2064,387.302
1760698169087869347,47.4720344217,19.0632990733,149.6840,2,1,24.2064,24.2064,387.302
1760698169330616421,47.4720339383,19.0632987917,149.6530,2,1,24.2064,24.2064,387.302
1760698169576784315,47.4720336983,19.0632988250,149.6350,2,1,24.2064,24.2064,387.302
1760698169824891139,47.4720332583,19.0632986650,149.6250,1,1,0.015129,0.015129,0.242064
1760698170086604486,47.4720327750,19.0632984150,149.6040,1,1,0.01,0.01,0.16
1760698170325507922,47.4720323900,19.0632980567,149.5830,1,1,0.0289,0.0289,0.4624
1760698170599805077,47.4720318583,19.0632979000,149.5880,1,1,0.0289,0.0289,0.4624
1760698170829130666,47.4720312250,19.0632975100,149.5640,2,1,46.24,46.24,739.84
1760698171086977079,47.4720304750,19.0632975500,149.5850,2,1,46.24,46.24,739.84
1760698171326455645,47.4720298517,19.0632976333,149.5870,2,1,46.24,46.24,739.84
1760698171579602996,47.4720290633,19.0632974300,149.5770,2,1,46.24,46.24,739.84
1760698171832349253,47.4720283700,19.0632972250,149.5680,2,1,46.24,46.24,739.84
1760698172090417669,47.4720277100,19.0632969933,149.5620,2,1,46.24,46.24,739.84
1760698172331617988,47.4720271717,19.0632967833,149.5390,2,1,46.24,46.24,739.84
1760698172604972735,47.4720265633,19.0632968367,149.5440,1,1,0.0289,0.0289,0.4624
1760698172828222856,47.4720257650,19.0632965017,149.5310,2,1,46.24,46.24,739.84
1760698173078934338,47.4720251300,19.0632961333,149.5020,2,1,46.24,46.24,739.84
1760698173325858788,47.4720245217,19.0632961683,149.4960,1,1,0.0289,0.0289,0.4624
1760698173576967734,47.4720239567,19.0632959600,149.4800,1,1,0.0289,0.0289,0.4624
1760698173829129057,47.4720231733,19.0632960483,149.4910,2,1,46.24,46.24,739.84
1760698174084695217,47.4720224300,19.0632962600,149.4830,2,1,46.24,46.24,739.84
1760698174330330996,47.4720216650,19.0632965283,149.4720,2,1,46.24,46.24,739.84
1760698174608579819,47.4720209783,19.0632963867,149.4420,2,1,46.24,46.24,739.84
1760698174831922115,47.4720201983,19.0632966317,149.4690,2,1,46.24,46.24,739.84
1760698175090606077,47.4720197417,19.0632965300,149.4420,1,1,0.015129,0.015129,0.242064
1760698175334073773,47.4720192717,19.0632958667,149.3860,1,1,0.015129,0.015129,0.242064
1760698175583491520,47.4720189533,19.0632957483,149.3570,1,1,0.015129,0.015129,0.242064
1760698175828397822,47.4720183717,19.0632959900,149.3660,2,1,24.2064,24.2064,387.302
1760698176091550223,47.4720180250,19.0632961283,149.3720,2,1,24.2064,24.2064,387.302
1760698176331115785,47.4720178033,19.0632962917,149.3740,2,1,46.24,46.24,739.84
1760698176604659493,47.4720177117,19.0632964000,149.3750,2,1,46.24,46.24,739.84
1760698176831853579,47.4720176567,19.0632965050,149.3750,2,1,46.24,46.24,739.84
1760698177088748646,47.4720176283,19.0632965800,149.3770,2,1,46.24,46.24,739.84
1760698177330496900,47.4720175850,19.0632967533,149.3840,2,1,46.24,46.24,739.84
1760698177577480622,47.4720170917,19.0632969433,149.3890,2,1,46.24,46.24,739.84
1760698177828659730,47.4720165400,19.0632969917,149.3840,2,1,46.24,46.24,739.84
1760698178085062188,47.4720157383,19.0632973217,149.4050,2,1,46.24,46.24,739.84
1760698178328480981,47.4720152433,19.0632975867,149.3900,2,1,46.24,46.24,739.84
1760698178601724607,47.4720149350,19.0632978017,149.3900,2,1,46.24,46.24,739.84
1760698178827794505,47.4720147233,19.0632979033,149.3990,2,1,46.24,46.24,739.84
1760698179089991562,47.4720143167,19.0632978583,149.3990,2,1,46.24,46.24,739.84
1760698179328903987,47.4720136250,19.0632981433,149.4050,2,1,46.24,46.24,739.84
1760698179579442339,47.4720127250,19.0632980100,149.3920,2,1,46.24,46.24,739.84
1760698179827084476,47.4720113950,19.0632980050,149.3800,2,1,46.24,46.24,739.84
1760698180081482851,47.4720099267,19.0632979417,149.3560,1,1,0.0289,0.0289,0.4624
1760698180324408286,47.4720082067,19.0632978600,149.3190,1,1,0.0289,0.0289,0.4624
1760698180602644005,47.4720064417,19.0632978350,149.2970,1,1,0.0289,0.0289,0.4624
1760698180830607610,47.4720041867,19.0632988450,149.3910,2,1,46.24,46.24,739.84
1760698181084258712,47.4720026400,19.0632991717,149.4270,2,1,46.24,46.24,739.84
1760698181326467496,47.4720015250,19.0632996300,149.4270,2,1,46.24,46.24,739.84
1760698181578139463,47.4720006517,19.0632999000,149.4340,2,1,46.24,46.24,739.84
1760698181824835085,47.4719999783,19.0633005333,149.4360,2,1,24.2064,24.2064,387.302
1760698182078111378,47.4719996417,19.0633008333,149.4390,2,1,16,16,256
1760698182327585726,47.4719994350,19.0633010600,149.4520,2,1,24.2064,24.2064,387.302
1760698182605193291,47.4719988100,19.0633014500,149.4630,2,1,26.2144,26.2144,419.43
1760698182828066829,47.4719982017,19.0633018050,149.4370,2,1,26.2144,26.2144,419.43
1760698183086582901,47.4719969883,19.0633021617,149.4200,2,1,26.2144,26.2144,419.43
1760698183327876357,47.4719960217,19.0633021367,149.3800,2,1,14.44,14.44,231.04
1760698183581151964,47.4719950950,19.0633021933,149.3360,2,1,14.44,14.44,231.04
1760698183831974344,47.4719937433,19.0633023050,149.3170,2,1,14.44,14.44,231.04
1760698184087694910,47.4719923300,19.0633029300,149.2680,1,1,0.015129,0.015129,0.242064
1760698184336532299,47.4719905717,19.0633041100,149.2410,1,1,0.015129,0.015129,0.242064
1760698184611168287,47.4719889983,19.0633049333,149.1550,1,1,0.0289,0.0289,0.4624
1760698184827945668,47.4719879683,19.0633060467,149.0990,1,1,0.015129,0.015129,0.242064
1760698185085809683,47.4719868633,19.0633064633,149.0450,1,1,0.015129,0.015129,0.242064
1760698185329970421,47.4719863583,19.0633072017,148.9770,1,1,0.044521,0.044521,0.712336
1760698185579668801,47.4719861333,19.0633078883,148.8880,1,1,0.044521,0.044521,0.712336
1760698185854376494,47.4719848200,19.0633103433,148.9360,2,1,26.2144,26.2144,419.43
1760698186085413484,47.4719844483,19.0633116017,148.8560,1,1,0.016384,0.016384,0.262144
1760698186326622850,47.4719840500,19.0633137500,148.7900,1,1,0.016384,0.016384,0.262144
1760698186595943148,47.4719842533,19.0633151483,148.7720,1,1,0.016384,0.016384,0.262144
1760698186829341940,47.4719837517,19.0633178667,148.7340,2,1,26.2144,26.2144,419.43
1760698187084228076,47.4719838717,19.0633189917,148.7230,1,1,0.016384,0.016384,0.262144
1760698187330778161,47.4719840933,19.0633195867,148.6920,1,1,0.016384,0.016384,0.262144
1760698187580291325,47.4719838800,19.0633207650,148.7340,1,1,0.016384,0.016384,0.262144
1760698187827472856,47.4719835017,19.0633224350,148.7120,2,1,26.2144,26.2144,419.43
1760698188087962028,47.4719833050,19.0633235067,148.7050,2,1,26.2144,26.2144,419.43
1760698188328085150,47.4719833000,19.0633238083,148.7000,2,1,26.2144,26.2144,419.43
1760698188606109526,47.4719832683,19.0633239200,148.6980,2,1,26.2144,26.2144,419.43
1760698188836746568,47.4719831617,19.0633240883,148.6970,2,1,26.2144,26.2144,419.43
1760698189092193784,47.4719831033,19.0633242683,148.6890,2,1,16,16,256
1760698189330764069,47.4719830217,19.0633244433,148.6900,2,1,14.44,14.44,231.04
1760698189583643247,47.4719829817,19.0633245583,148.6900,2,1,14.44,14.44,231.04
1760698189833299735,47.4719829367,19.0633245817,148.6890,2,1,24.2064,24.2064,387.302
1760698190090160505,47.4719828933,19.0633246900,148.6870,2,1,24.2064,24.2064,387.302
1760698190333078934,47.4719828600,19.0633246850,148.6860,2,1,24.2064,24.2064,387.302
1760698190606625436,47.4719827600,19.0633245617,148.6930,2,1,24.2064,24.2064,387.302
1760698190831819894,47.4719825617,19.0633243917,148.7150,2,1,24.2064,24.2064,387.302
1760698191082333096,47.4719825333,19.0633241583,148.7280,2,1,24.2064,24.2064,387.302
1760698191331527006,47.4719824817,19.0633241933,148.7430,2,1,22.6576,22.6576,362.522
1760698191582989021,47.4719824367,19.0633241117,148.7540,2,1,22.6576,22.6576,362.522
1760698191835602005,47.4719824417,19.0633237500,148.7550,2,1,22.6576,22.6576,362.522
1760698192090053245,47.4719824117,19.0633237583,148.7620,2,1,22.6576,22.6576,362.522
1760698192329416661,47.4719823833,19.0633237533,148.7670,2,1,22.6576,22.6576,362.522
1760698192605077719,47.4719823750,19.0633235767,148.7660,2,1,22.6576,22.6576,362.522
1760698192828398373,47.4719823350,19.0633232033,148.7690,2,1,22.6576,22.6576,362.522
1760698193089200154,47.4719822417,19.0633228617,148.7870,2,1,22.6576,22.6576,362.522
1760698193331827374,47.4719820967,19.0633219867,148.8130,2,1,24.2064,24.2064,387.302
1760698193584281940,47.4719822250,19.0633207833,148.8080,2,1,24.2064,24.2064,387.302
1760698193826373622,47.4719819650,19.0633194350,148.8360,2,1,24.2064,24.2064,387.302
1760698194089420593,47.4719818467,19.0633176833,148.8610,2,1,24.2064,24.2064,387.302
1760698194331194819,47.4719816733,19.0633158617,148.8510,2,1,24.2064,24.2064,387.302
1760698194604007264,47.4719816133,19.0633146417,148.8510,2,1,24.2064,24.2064,387.302
1760698194834780461,47.4719811617,19.0633140617,148.8890,2,1,24.2064,24.2064,387.302
1760698195088557599,47.4719809367,19.0633138783,148.9110,2,1,24.2064,24.2064,387.302
1760698195330339443,47.4719808450,19.0633137133,148.9160,2,1,24.2064,24.2064,387.302
1760698195574823557,47.4719807850,19.0633136017,148.9210,2,1,24.2064,24.2064,387.302
1760698195828115386,47.4719804583,19.0633136167,148.9850,2,1,24.2064,24.2064,387.302
1760698196086009204,47.4719802283,19.0633135500,149.0430,2,1,24.2064,24.2064,387.302
1760698196332964048,47.4719800500,19.0633135017,149.0820,2,1,22.6576,22.6576,362.522
1760698196610673479,47.4719798883,19.0633134700,149.1110,2,1,22.6576,22.6576,362.522
1760698196832071916,47.4719796700,19.0633134117,149.1670,2,1,22.6576,22.6576,362.522
1760698197091861099,47.4719795150,19.0633132817,149.2070,2,1,24.2064,24.2064,387.302
1760698197332151549,47.4719793650,19.0633132300,149.2430,2,1,24.2064,24.2064,387.302
1760698197585393205,47.4719792267,19.0633132200,149.2690,2,1,24.2064,24.2064,387.302
1760698197835474436,47.4719790533,19.0633130417,149.3090,2,1,24.2064,24.2064,387.302
1760698198091193934,47.4719788833,19.0633130167,149.3480,2,1,24.2064,24.2064,387.302
1760698198331959464,47.4719789817,19.0633132450,149.3850,2,1,24.2064,24.2064,387.302
1760698198610748749,47.4719794383,19.0633143483,149.3790,2,1,24.2064,24.2064,387.302
1760698198834197308,47.4719802350,19.0633163050,149.3520,2,1,24.2064,24.2064,387.302
1760698199090435244,47.4719814167,19.0633188217,149.3290,2,1,24.2064,24.2064,387.302
1760698199331416414,47.4719823050,19.0633208500,149.3040,1,1,0.015129,0.015129,0.242064
1760698199587662426,47.4719831600,19.0633219817,149.2720,1,1,0.014161,0.014161,0.226576
1760698199837476296,47.4719845983,19.0633243850,149.2030,2,1,22.6576,22.6576,362.522
1760698200083049345,47.4719864250,19.0633275767,149.1050,1,1,0.014161,0.014161,0.226576
1760698200330789120,47.4719886217,19.0633311217,148.9730,1,1,0.014161,0.014161,0.226576
1760698200604383586,47.4719904200,19.0633353133,148.9340,1,1,0.014161,0.014161,0.226576
1760698200831479410,47.4719920633,19.0633398067,148.8600,2,1,22.6576,22.6576,362.522
1760698201090075891,47.4719938650,19.0633439300,148.8440,2,1,22.6576,22.6576,362.522
1760698201331671771,47.4719956417,19.0633475233,148.8550,2,1,22.6576,22.6576,362.522
1760698201582432027,47.4719973783,19.0633501900,148.8550,2,1,22.6576,22.6576,362.522
1760698201832067139,47.4719993967,19.0633522033,148.8260,2,1,22.6576,22.6576,362.522
1760698202097262951,47.4720011167,19.0633536733,148.8560,2,1,22.6576,22.6576,362.522
1760698202339672759,47.4720030367,19.0633550500,148.8450,2,1,22.6576,22.6576,362.522
1760698202610081793,47.4720056400,19.0633568667,148.8510,2,1,22.6576,22.6576,362.522
1760698202828108162,47.4720079950,19.0633574217,148.8670,2,1,22.6576,22.6576,362.522
1760698203090935650,47.4720100217,19.0633579950,148.8620,2,1,22.6576,22.6576,362.522
1760698203333973708,47.4720118317,19.0633580317,148.8650,2,1,22.6576,22.6576,362.522
1760698203582814900,47.4720131917,19.0633581817,148.8820,2,1,22.6576,22.6576,362.522
1760698203835628507,47.4720141817,19.0633581600,148.8910,2,1,22.6576,22.6576,362.522
1760698204089986254,47.4720155433,19.0633581583,148.9080,2,1,22.6576,22.6576,362.522
1760698204333134194,47.4720172633,19.0633578733,148.9210,2,1,22.6576,22.6576,362.522
1760698204602229770,47.4720190517,19.0633571300,148.9260,2,1,22.6576,22.6576,362.522
1760698204832418430,47.4720207633,19.0633564800,148.9090,2,1,22.6576,22.6576,362.522
1760698205090389570,47.4720220550,19.0633559383,148.8890,2,1,22.6576,22.6576,362.522
1760698205334774039,47.4720230650,19.0633556417,148.8680,2,1,22.6576,22.6576,362.522
1760698205585633444,47.4720237800,19.0633552600,148.8520,2,1,22.6576,22.6576,362.522
1760698205836038828,47.4720242833,19.0633551017,148.8470,2,1,22.6576,22.6576,362.522
1760698206093975519,47.4720245633,19.0633550517,148.8480,2,1,22.6576,22.6576,362.522
1760698206333601065,47.4720246933,19.0633550717,148.8380,2,1,22.6576,22.6576,362.522
1760698206609845320,47.4720247883,19.0633550283,148.8350,2,1,22.6576,22.6576,362.522
1760698206835790879,47.4720254850,19.0633548367,148.8270,2,1,22.6576,22.6576,362.522
1760698207093438555,47.4720268250,19.0633544283,148.8220,2,1,22.6576,22.6576,362.522
1760698207327343995,47.4720291867,19.0633535017,148.8200,2,1,24.2064,24.2064,387.302
1760698207585039746,47.4720326350,19.0633521283,148.8170,2,1,24.2064,24.2064,387.302
1760698207833327497,47.4720368617,19.0633507367,148.8010,2,1,24.2064,24.2064,387.302
1760698208087432439,47.4720413233,19.0633496167,148.8110,2,1,24.2064,24.2064,387.302
1760698208331432677,47.4720453867,19.0633486700,148.8080,2,1,22.6576,22.6576,362.522
1760698208607570446,47.4720490150,19.0633482117,148.8010,2,1,24.2064,24.2064,387.302
1760698208832443721,47.4720524250,19.0633476483,148.8110,2,1,24.2064,24.2064,387.302
1760698209087601106,47.4720553250,19.0633465800,148.8160,2,1,24.2064,24.2064,387.302
1760698209334805019,47.4720579533,19.0633455183,148.7970,2,1,24.2064,24.2064,387.302
1760698209584503945,47.4720601433,19.0633443483,148.8000,2,1,24.2064,24.2064,387.302
1760698209836376446,47.4720619917,19.0633433917,148.8060,2,1,24.2064,24.2064,387.302
1760698210088228401,47.4720633583,19.0633425767,148.8080,2,1,24.2064,24.2064,387.302
1760698210332553291,47.4720645217,19.0633414283,148.7940,2,1,24.2064,24.2064,387.302
1760698210606467628,47.4720654700,19.0633406167,148.7770,2,1,24.2064,24.2064,387.302
1760698210830924404,47.4720659100,19.0633400683,148.7990,2,1,24.2064,24.2064,387.302
1760698211089128203,47.4720661983,19.0633397400,148.8170,2,1,24.2064,24.2064,387.302
1760698211333499135,47.4720663833,19.0633394700,148.8250,2,1,24.2064,24.2064,387.302
1760698211582310184,47.4720665050,19.0633393867,148.8360,2,1,24.2064,24.2064,387.302
1760698211828734466,47.4720669567,19.0633390717,148.8430,2,1,24.2064,24.2064,387.302
1760698212095669887,47.4720676417,19.0633383083,148.8780,2,1,24.2064,24.2064,387.302
1760698212334591001,47.4720687683,19.0633367817,148.9130,2,1,24.2064,24.2064,387.302
1760698212606458496,47.4720700617,19.0633346883,148.9200,2,1,24.2064,24.2064,387.302
1760698212837373108,47.4720710717,19.0633322033,148.9320,2,1,24.2064,24.2064,387.302
1760698213087631490,47.4720721183,19.0633294483,148.9110,2,1,24.2064,24.2064,387.302
1760698213328393226,47.4720730250,19.0633267517,148.9450,2,1,24.2064,24.2064,387.302
1760698213574220554,47.4720736383,19.0633240400,148.9490,2,1,26.2144,26.2144,419.43
1760698213829419413,47.4720740717,19.0633210633,148.9600,2,1,26.2144,26.2144,419.43
1760698214086266410,47.4720744400,19.0633182133,148.9900,2,1,26.2144,26.2144,419.43
1760698214331053140,47.4720745817,19.0633162850,149.0350,2,1,26.2144,26.2144,419.43
1760698214606166623,47.4720743650,19.0633125867,149.0310,2,1,26.2144,26.2144,419.43
1760698214828489876,47.4720742467,19.0633090917,149.0210,2,1,26.2144,26.2144,419.43
1760698215087267519,47.4720732717,19.0633060650,149.0140,2,1,26.2144,26.2144,419.43
1760698215330965873,47.4720722033,19.0633040550,149.0120,2,1,26.2144,26.2144,419.43
1760698215577208214,47.4720719967,19.0633009867,148.9340,1,1,0.016384,0.016384,0.262144
1760698215830216673,47.4720708067,19.0632985667,148.9380,1,1,0.016384,0.016384,0.262144
1760698216084421684,47.4720687300,19.0632966050,148.9240,1,1,0.010609,0.010609,0.169744
1760698216326126949,47.4720666100,19.0632961050,148.9490,1,1,0.010609,0.010609,0.169744
1760698216594356918,47.4720649567,19.0632934567,148.9800,1,1,0.010609,0.010609,0.169744
1760698216826448509,47.4720634767,19.0632929967,148.8170,1,1,0.010609,0.010609,0.169744
1760698217085745114,47.4720619683,19.0632907783,148.7780,1,1,0.016384,0.016384,0.262144
1760698217328258203,47.4720600400,19.0632894250,148.8120,1,1,0.016384,0.016384,0.262144
1760698217579558339,47.4720581450,19.0632885233,148.8140,1,1,0.016384,0.016384,0.262144
1760698217828490205,47.4720556200,19.0632871533,148.8650,2,1,26.2144,26.2144,419.43
1760698218080153501,47.4720533817,19.0632858367,148.8240,2,1,26.2144,26.2144,419.43
1760698218326446290,47.4720511350,19.0632855867,148.8180,1,1,0.010609,0.010609,0.169744
1760698218598823196,47.4720489933,19.0632854433,148.8340,1,1,0.010609,0.010609,0.169744
1760698218834058083,47.4720475400,19.0632851567,148.9140,2,1,16.9744,16.9744,271.59
1760698219091095659,47.4720464550,19.0632844100,148.9130,2,1,16.9744,16.9744,271.59
1760698219330543751,47.4720456283,19.0632835817,148.9080,2,1,13.5424,13.5424,216.678
1760698219580360501,47.4720450467,19.0632829450,148.8770,2,1,16.9744,16.9744,271.59
1760698219827864109,47.4720447233,19.0632819733,148.7950,2,1,16.9744,16.9744,271.59
1760698220086661773,47.4720445850,19.0632814583,148.7430,2,1,16.9744,16.9744,271.59
1760698220331500238,47.4720446667,19.0632808767,148.6960,2,1,16.9744,16.9744,271.59
1760698220605346333,47.4720447700,19.0632805633,148.6670,2,1,26.2144,26.2144,419.43
1760698220826621198,47.4720448717,19.0632802333,148.6420,2,1,26.2144,26.2144,419.43
1760698221087354497,47.4720449267,19.0632800983,148.6270,2,1,71.2336,71.2336,1139.74
1760698221331895024,47.4720447017,19.0632798817,148.5980,2,1,26.2144,26.2144,419.43
1760698221584837828,47.4720440050,19.0632800583,148.5860,2,1,26.2144,26.2144,419.43
1760698221832299151,47.4720426400,19.0632803100,148.5670,2,1,26.2144,26.2144,419.43
1760698222087052603,47.4720404617,19.0632810133,148.5680,2,1,26.2144,26.2144,419.43
1760698222333205555,47.4720374367,19.0632819233,148.5700,2,1,26.2144,26.2144,419.43
1760698222595525280,47.4720346850,19.0632833850,148.5820,2,1,26.2144,26.2144,419.43
1760698222830008251,47.4720324067,19.0632848583,148.5810,2,1,26.2144,26.2144,419.43
1760698223081282051,47.4720306983,19.0632859550,148.5580,1,1,0.016384,0.016384,0.262144
1760698223327147240,47.4720289767,19.0632871733,148.5410,1,1,0.016384,0.016384,0.262144
1760698223588784925,47.4720273050,19.0632886550,148.4960,1,1,0.016384,0.016384,0.262144
1760698223831893166,47.4720263000,19.0632896567,148.4010,1,1,0.016384,0.016384,0.262144
1760698224092558668,47.4720254417,19.0632906667,148.4110,1,1,0.016384,0.016384,0.262144
1760698224327600501,47.4720249550,19.0632909350,148.3640,1,1,0.016384,0.016384,0.262144
1760698224602672308,47.4720247367,19.0632912083,148.3300,1,1,0.016384,0.016384,0.262144
1760698224831561243,47.4720241350,19.0632919050,148.3060,2,1,26.2144,26.2144,419.43
1760698225089522955,47.4720237817,19.0632927433,148.3250,2,1,26.2144,26.2144,419.43
1760698225328967933,47.4720229983,19.0632942533,148.3410,2,1,26.2144,26.2144,419.43
1760698225581667255,47.4720219867,19.0632960333,148.3030,1,1,0.016384,0.016384,0.262144
1760698225829057978,47.4720211417,19.0632985817,148.2840,2,1,26.2144,26.2144,419.43
1760698226088157474,47.4720199967,19.0633005600,148.2610,2,1,26.2144,26.2144,419.43
1760698226327503487,47.4720193533,19.0633030250,148.1620,2,1,26.2144,26.2144,419.43
1760698226600897316,47.4720191750,19.0633078950,148.1340,1,1,0.016384,0.016384,0.262144
1760698226827242747,47.4720193300,19.0633137150,148.1480,2,1,26.2144,26.2144,419.43
1760698227078820369,47.4720200950,19.0633188200,148.1000,1,1,0.016384,0.016384,0.262144
1760698227326194994,47.4720206067,19.0633234517,148.0240,1,1,0.016384,0.016384,0.262144
1760698227575333514,47.4720222100,19.0633265067,147.9260,1,1,0.016384,0.016384,0.262144
1760698227831379680,47.4720234167,19.0633303533,147.9180,2,1,26.2144,26.2144,419.43
1760698228087771712,47.4720255083,19.0633343083,147.9610,2,1,26.2144,26.2144,419.43
1760698228333040569,47.4720286400,19.0633375867,147.8450,1,1,0.016384,0.016384,0.262144
1760698228601685378,47.4720323733,19.0633411133,147.8640,1,1,0.016384,0.016384,0.262144
1760698228831236913,47.4720369817,19.0633423867,147.7920,2,1,26.2144,26.2144,419.43
1760698229087103940,47.4720414633,19.0633433683,147.8790,2,1,71.2336,71.2336,1139.74
1760698229330075411,47.4720456333,19.0633432817,147.8960,2,1,71.2336,71.2336,1139.74
1760698229580880355,47.4720496550,19.0633424617,147.9210,2,1,71.2336,71.2336,1139.74
1760698229825789968,47.4720528883,19.0633411083,147.8740,2,1,71.2336,71.2336,1139.74
1760698230088825506,47.4720556950,19.0633404500,147.8700,2,1,26.2144,26.2144,419.43
1760698230330490090,47.4720583083,19.0633400583,147.8580,2,1,26.2144,26.2144,419.43
1760698230601965582,47.4720607767,19.0633393817,147.8420,2,1,26.2144,26.2144,419.43
1760698230832878928,47.4720631933,19.0633387767,147.8230,2,1,26.2144,26.2144,419.43
1760698231093487901,47.4720664217,19.0633387800,147.8210,2,1,26.2144,26.2144,419.43
1760698231332127814,47.4720705717,19.0633385600,147.8210,2,1,26.2144,26.2144,419.43
1760698231575762584,47.4720753583,19.0633384667,147.7890,2,1,26.2144,26.2144,419.43
1760698231836668312,47.4720803067,19.0633391467,147.8120,2,1,26.2144,26.2144,419.43
1760698232085141769,47.4720849450,19.0633402600,147.8230,2,1,26.2144,26.2144,419.43
1760698232333496852,47.4720894617,19.0633412983,147.7910,2,1,26.2144,26.2144,419.43
1760698232600853125,47.4720932800,19.0633424067,147.7840,2,1,26.2144,26.2144,419.43
1760698232831878574,47.4720966850,19.0633433033,147.8240,2,1,26.2144,26.2144,419.43
1760698233088989077,47.4721000617,19.0633437133,147.7920,2,1,24.2064,24.2064,387.302
1760698233328889528,47.4721032417,19.0633435467,147.7870,2,1,24.2064,24.2064,387.302
1760698233581389449,47.4721059217,19.0633430700,147.7990,2,1,24.2064,24.2064,387.302
1760698233830317865,47.4721086900,19.0633417333,147.7880,2,1,24.2064,24.2064,387.302
1760698234085947686,47.4721121783,19.0633391633,147.7590,2,1,24.2064,24.2064,387.302
1760698234326317186,47.4721155517,19.0633355900,147.7600,2,1,24.2064,24.2064,387.302
1760698234604166122,47.4721183067,19.0633311583,147.7380,2,1,24.2064,24.2064,387.302
1760698234832898853,47.4721200683,19.0633266100,147.7180,2,1,24.2064,24.2064,387.302
1760698235090907329,47.4721212233,19.0633224300,147.7270,2,1,46.24,46.24,739.84
1760698235332523736,47.4721218867,19.0633190583,147.7420,2,1,46.24,46.24,739.84
1760698235582068445,47.4721224783,19.0633157867,147.7530,2,1,46.24,46.24,739.84
1760698235828643914,47.4721230400,19.0633134317,147.7440,2,1,46.24,46.24,739.84
1760698236080532507,47.4721233550,19.0633116300,147.7540,2,1,46.24,46.24,739.84
1760698236331924879,47.4721234033,19.0633105950,147.7770,2,1,46.24,46.24,739.84
1760698236605465774,47.4721234867,19.0633106633,147.7670,2,1,46.24,46.24,739.84
1760698236832282043,47.4721234267,19.0633107383,147.8000,2,1,46.24,46.24,739.84
1760698237087371013,47.4721234000,19.0633108317,147.8160,2,1,46.24,46.24,739.84
1760698237330555895,47.4721234150,19.0633108917,147.8180,2,1,46.24,46.24,739.84
1760698237581791926,47.4721233967,19.0633110483,147.8240,2,1,20.4304,20.4304,326.886
1760698237830524989,47.4721234083,19.0633111283,147.8320,2,1,20.4304,20.4304,326.886
1760698238089104846,47.4721234183,19.0633112283,147.8340,2,1,20.4304,20.4304,326.886
1760698238333002938,47.4721234017,19.0633113117,147.8350,2,1,20.4304,20.4304,326.886
1760698238603374044,47.4721234183,19.0633113617,147.8390,2,1,46.24,46.24,739.84
1760698238827755861,47.4721233850,19.0633115917,147.8440,2,1,46.24,46.24,739.84
1760698239089858930,47.4721231983,19.0633123283,147.8600,2,1,46.24,46.24,739.84
1760698239332534319,47.4721229933,19.0633131100,147.8490,2,1,46.24,46.24,739.84
1760698239584739503,47.4721229633,19.0633139333,147.8270,2,1,46.24,46.24,739.84
1760698239834983142,47.4721229600,19.0633141317,147.8200,2,1,46.24,46.24,739.84
1760698240091512642,47.4721230017,19.0633140917,147.8170,2,1,46.24,46.24,739.84
1760698240333359246,47.4721230617,19.0633139833,147.8160,2,1,46.24,46.24,739.84
1760698240596622932,47.4721231050,19.0633139400,147.8120,2,1,46.24,46.24,739.84
1760698240831089674,47.4721232050,19.0633137733,147.8030,2,1,46.24,46.24,739.84
1760698241087629305,47.4721232800,19.0633136900,147.7970,2,1,46.24,46.24,739.84
1760698241332165796,47.4721233683,19.0633135067,147.7870,2,1,33.64,33.64,538.24
1760698241585909999,47.4721234233,19.0633134900,147.7830,2,1,33.64,33.64,538.24
1760698241833809230,47.4721235100,19.0633135083,147.7840,2,1,33.64,33.64,538.24
1760698242093965537,47.4721236167,19.0633134533,147.7840,2,1,33.64,33.64,538.24
1760698242333133003,47.4721236833,19.0633134817,147.7820,2,1,33.64,33.64,538.24
1760698242604018851,47.4721237400,19.0633134783,147.7860,2,1,22.6576,22.6576,362.522
1760698242831292068,47.4721238117,19.0633134583,147.7840,2,1,22.6576,22.6576,362.522
1760698243088540973,47.4721238017,19.0633137133,147.7890,2,1,22.6576,22.6576,362.522
1760698243328893924,47.4721238250,19.0633142133,147.7750,2,1,22.6576,22.6576,362.522
1760698243588646543,47.4721236950,19.0633153183,147.7720,2,1,22.6576,22.6576,362.522
1760698243833216131,47.4721237650,19.0633163733,147.7590,2,1,22.6576,22.6576,362.522
1760698244086380050,47.4721233483,19.0633179567,147.7670,2,1,22.6576,22.6576,362.522
1760698244330011155,47.4721228483,19.0633198500,147.7490,2,1,22.6576,22.6576,362.522
1760698244603296216,47.4721222367,19.0633216650,147.7340,2,1,22.6576,22.6576,362.522
1760698244831020636,47.4721217917,19.0633231117,147.7300,2,1,24.2064,24.2064,387.302
1760698245082227299,47.4721212700,19.0633244600,147.7400,2,1,46.24,46.24,739.84
1760698245329136606,47.4721208533,19.0633250883,147.6980,2,1,46.24,46.24,739.84
1760698245580454982,47.4721204633,19.0633259217,147.6940,2,1,46.24,46.24,739.84
1760698245828758222,47.4721199283,19.0633270250,147.6950,2,1,46.24,46.24,739.84
1760698246085172798,47.4721192917,19.0633283750,147.7030,2,1,46.24,46.24,739.84
1760698246331188756,47.4721189017,19.0633291367,147.6950,2,1,46.24,46.24,739.84
1760698246608873779,47.4721184367,19.0633299350,147.7080,2,1,24.2064,24.2064,387.302
1760698246834299694,47.4721180883,19.0633305883,147.7130,2,1,24.2064,24.2064,387.302
1760698247089186090,47.4721180300,19.0633307133,147.7110,2,1,24.2064,24.2064,387.302
1760698247336727159,47.4721179483,19.0633308150,147.7050,2,1,24.2064,24.2064,387.302
1760698247582243091,47.4721177467,19.0633311150,147.6980,2,1,22.6576,22.6576,362.522
1760698247828395473,47.4721173333,19.0633316600,147.7180,2,1,33.64,33.64,538.24
1760698248091721324,47.4721167267,19.0633325017,147.7270,2,1,46.24,46.24,739.84
1760698248335239464,47.4721163750,19.0633332317,147.7360,2,1,46.24,46.24,739.84
1760698248605365457,47.4721160383,19.0633335550,147.7340,2,1,33.64,33.64,538.24
1760698248835509000,47.4721157917,19.0633336483,147.7360,2,1,33.64,33.64,538.24
1760698249091902341,47.4721155750,19.0633337683,147.7400,2,1,22.6576,22.6576,362.522
1760698249335508442,47.4721155067,19.0633338217,147.7410,2,1,22.6576,22.6576,362.522
1760698249577838048,47.4721156033,19.0633337750,147.7450,2,1,22.6576,22.6576,362.522
1760698249835032614,47.4721156683,19.0633338483,147.7710,2,1,22.6576,22.6576,362.522
1760698250089127455,47.4721157700,19.0633338917,147.7790,2,1,22.6576,22.6576,362.522
1760698250335341049,47.4721157833,19.0633338817,147.7900,2,1,22.6576,22.6576,362.522
1760698250607359660,47.4721158467,19.0633339783,147.8060,2,1,22.6576,22.6576,362.522
1760698250831719430,47.4721159400,19.0633339867,147.8140,2,1,22.6576,22.6576,362.522
1760698251094193594,47.4721159817,19.0633339900,147.8260,2,1,22.6576,22.6576,362.522
1760698251330340773,47.4721160417,19.0633340000,147.8300,2,1,22.6576,22.6576,362.522
1760698251581567674,47.4721161050,19.0633339750,147.8310,2,1,22.6576,22.6576,362.522
1760698251830891775,47.4721161800,19.0633339033,147.8340,2,1,22.6576,22.6576,362.522
1760698252086599017,47.4721162683,19.0633339083,147.8430,2,1,13.2496,13.2496,211.994
1760698252325694468,47.4721163367,19.0633339100,147.8490,2,1,13.2496,13.2496,211.994
1760698252604832696,47.4721164000,19.0633337867,147.8530,2,1,13.2496,13.2496,211.994
1760698252829603149,47.4721164917,19.0633336783,147.8550,2,1,13.2496,13.2496,211.994
