sep=,
Date,Time UTC,Latitude,Longitude,Altitude,Fix,Fix quality,PDOP,HDOP,VDOP,Inview Sats,Active sats,Active GPS,Active GLO,Active GAL,Active BEI,Active Other
N/A,09:05:50,N/A,N/A,N/A,N/A,Invalid,N/A,N/A,N/A,N/A,N/A,N/A,N/A,N/A,N/A,N/A
N/A,09:05:50,N/A,N/A,N/A,N,Invalid,N/A,N/A,N/A,N/A,0,0,0,0,0,0
04/11/2025,09:05:50,N/A,N/A,N/A,N,Invalid,N/A,N/A,N/A,N/A,0,0,0,0,0,0
04/11/2025,09:05:50,N/A,N/A,N/A,N,Invalid,N/A,N/A,N/A,N/A,0,0,0,0,0,0
04/11/2025,09:05:51,N/A,N/A,N/A,N,Invalid,N/A,N/A,N/A,N/A,0,0,0,0,0,0
04/11/2025,09:05:51,N/A,N/A,N/A,N,Invalid,N/A,N/A,N/A,N/A,0,0,0,0,0,0
04/11/2025,09:05:51,N/A,N/A,N/A,N,Invalid,N/A,N/A,N/A,N/A,0,0,0,0,0,0
04/11/2025,09:05:51,N/A,N/A,N/A,N,Invalid,N/A,N/A,N/A,N/A,0,0,0,0,0,0
04/11/2025,09:05:52,N/A,N/A,N/A,N,Invalid,N/A,N/A,N/A,N/A,0,0,0,0,0,0
04/11/2025,09:05:52,N/A,N/A,N/A,N,Invalid,N/A,N/A,N/A,N/A,0,0,0,0,0,0
04/11/2025,09:05:52,N/A,N/A,N/A,N,Invalid,N/A,N/A,N/A,N/A,0,0,0,0,0,0
04/11/2025,09:05:52,N/A,N/A,N/A,N,Invalid,N/A,N/A,N/A,N/A,0,0,0,0,0,0
04/11/2025,09:05:53,N/A,N/A,N/A,N,Invalid,N/A,N/A,N/A,N/A,0,0,0,0,0,0
04/11/2025,09:05:53,N/A,N/A,N/A,N,Invalid,N/A,N/A,N/A,N/A,0,0,0,0,0,0
04/11/2025,09:05:53,N/A,N/A,N/A,N,Invalid,N/A,N/A,N/A,5,0,0,0,0,0,0
04/11/2025,09:05:53,N/A,N/A,N/A,N,Invalid,N/A,N/A,N/A,5,0,0,0,0,0,0
04/11/2025,09:05:53,N/A,N/A,N/A,N,Invalid,N/A,N/A,N/A,5,0,0,0,0,0,0
04/11/2025,09:05:54,N/A,N/A,N/A,N,Invalid,N/A,N/A,N/A,5,0,0,0,0,0,0
04/11/2025,09:05:54,N/A,N/A,N/A,N,Invalid,N/A,N/A,N/A,5,0,0,0,0,0,0
04/11/2025,09:05:54,N/A,N/A,N/A,N,Invalid,N/A,N/A,N/A,5,0,0,0,0,0,0
04/11/2025,09:05:54,N/A,N/A,N/A,N,Invalid,N/A,N/A,N/A,5,0,0,0,0,0,0
04/11/2025,09:05:54,N/A,N/A,N/A,N,Invalid,N/A,N/A,N/A,5,0,0,0,0,0,0
04/11/2025,09:05:54,N/A,N/A,N/A,N,Invalid,N/A,N/A,N/A,5,0,0,0,0,0,0
04/11/2025,09:05:54,N/A,N/A,N/A,N,Invalid,N/A,N/A,N/A,5,0,0,0,0,0,0
04/11/2025,09:05:54,N/A,N/A,N/A,N,Invalid,N/A,N/A,N/A,5,0,0,0,0,0,0
04/11/2025,09:05:56,N/A,N/A,N/A,N,Invalid,N/A,N/A,N/A,5,0,0,0,0,0,0
04/11/2025,09:05:56,N/A,N/A,N/A,N,Invalid,N/A,N/A,N/A,5,0,0,0,0,0,0
04/11/2025,09:05:56,N/A,N/A,N/A,N,Invalid,N/A,N/A,N/A,5,0,0,0,0,0,0
04/11/2025,09:05:56,N/A,N/A,N/A,N,Invalid,N/A,N/A,N/A,5,0,0,0,0,0,0
04/11/2025,09:05:57,N/A,N/A,N/A,N,Invalid,N/A,N/A,N/A,5,0,0,0,0,0,0
04/11/2025,09:05:57,N/A,N/A,N/A,N,Invalid,N/A,N/A,N/A,5,0,0,0,0,0,0
04/11/2025,09:05:57,N/A,N/A,N/A,N,Invalid,N/A,N/A,N/A,5,0,0,0,0,0,0
04/11/2025,09:05:57,N/A,N/A,N/A,N,Invalid,N/A,N/A,N/A,5,0,0,0,0,0,0
04/11/2025,09:05:58,N/A,N/A,N/A,N,Invalid,N/A,N/A,N/A,5,0,0,0,0,0,0
04/11/2025,09:05:58,N/A,N/A,N/A,N,Invalid,N/A,N/A,N/A,5,0,0,0,0,0,0
04/11/2025,09:05:58,N/A,N/A,N/A,N,Invalid,N/A,N/A,N/A,5,0,0,0,0,0,0
04/11/2025,09:05:58,N/A,N/A,N/A,N,Invalid,N/A,N/A,N/A,5,0,0,0,0,0,0
04/11/2025,09:05:58,N/A,N/A,N/A,N,Invalid,N/A,N/A,N/A,5,0,0,0,0,0,0
04/11/2025,09:05:59,N/A,N/A,N/A,N,Invalid,N/A,N/A,N/A,5,0,0,0,0,0,0
04/11/2025,09:05:59,N/A,N/A,N/A,N,Invalid,N/A,N/A,N/A,5,0,0,0,0,0,0
04/11/2025,09:05:59,N/A,N/A,N/A,N,Invalid,N/A,N/A,N/A,5,0,0,0,0,0,0
04/11/2025,09:05:59,N/A,N/A,N/A,N,Invalid,N/A,N/A,N/A,5,0,0,0,0,0,0
04/11/2025,09:06:00,N/A,N/A,N/A,N,Invalid,N/A,N/A,N/A,5,0,0,0,0,0,0
04/11/2025,09:06:00,N/A,N/A,N/A,N,Invalid,N/A,N/A,N/A,5,0,0,0,0,0,0
04/11/2025,09:06:00,N/A,N/A,N/A,N,Invalid,N/A,N/A,N/A,5,0,0,0,0,0,0
04/11/2025,09:06:00,N/A,N/A,N/A,N,Invalid,N/A,N/A,N/A,5,0,0,0,0,0,0
04/11/2025,09:06:00,N/A,N/A,N/A,N,Invalid,N/A,N/A,N/A,5,0,0,0,0,0,0
04/11/2025,09:06:00,N/A,N/A,N/A,N,Invalid,N/A,N/A,N/A,5,0,0,0,0,0,0
04/11/2025,09:06:00,N/A,N/A,N/A,N,Invalid,N/A,N/A,N/A,5,0,0,0,0,0,0
04/11/2025,09:06:00,N/A,N/A,N/A,N,Invalid,N/A,N/A,N/A,5,0,0,0,0,0,0
04/11/2025,09:06:02,47.47414166666667,19.05807666666667,150.0,N,GPS,N/A,2.14,N/A,5,0,0,0,0,0,0
04/11/2025,09:06:02,47.47414166666667,19.05807666666667,150.0,N,GPS,2.36,2.14,1.00,5,3,3,0,0,0,0
04/11/2025,09:06:02,47.47414166666667,19.05807666666667,150.0,F,GPS,2.36,2.14,1.00,5,3,3,0,0,0,0
04/11/2025,09:06:02,47.47414166666667,19.05807666666667,150.0,F,GPS,2.36,2.14,1.00,5,3,3,0,0,0,0
04/11/2025,09:06:03,47.47416333333334,19.058066666666665,150.0,F,GPS,2.36,2.14,1.00,5,3,3,0,0,0,0
04/11/2025,09:06:03,47.47416333333334,19.058066666666665,150.0,N,GPS,2.37,2.14,1.00,5,3,3,0,0,0,0
04/11/2025,09:06:03,47.47416333333334,19.058066666666665,150.0,N,GPS,2.37,2.14,1.00,5,3,3,0,0,0,0
04/11/2025,09:06:03,47.47416333333334,19.058066666666665,150.0,F,GPS,2.37,2.14,1.00,5,3,3,0,0,0,0
04/11/2025,09:06:03,47.47416333333334,19.058066666666665,150.0,F,GPS,2.37,2.14,1.00,5,3,3,0,0,0,0
04/11/2025,09:06:04,47.47417333333333,19.058065,150.0,F,GPS,2.37,2.14,1.00,5,3,3,0,0,0,0
04/11/2025,09:06:04,47.47417333333333,19.058065,150.0,N,GPS,2.36,2.14,1.00,5,3,3,0,0,0,0
04/11/2025,09:06:04,47.47417333333333,19.058065,150.0,F,GPS,2.36,2.14,1.00,5,3,3,0,0,0,0
04/11/2025,09:06:04,47.47417333333333,19.058065,150.0,F,GPS,2.36,2.14,1.00,5,3,3,0,0,0,0
04/11/2025,09:06:05,47.474178333333334,19.058063333333333,149.9,F,GPS,2.36,2.14,1.00,5,3,3,0,0,0,0
04/11/2025,09:06:05,47.474178333333334,19.058063333333333,149.9,N,GPS,2.37,2.14,1.00,5,3,3,0,0,0,0
04/11/2025,09:06:05,47.474178333333334,19.058063333333333,149.9,F,GPS,2.37,2.14,1.00,5,3,3,0,0,0,0
04/11/2025,09:06:05,47.474178333333334,19.058063333333333,149.9,F,GPS,2.37,2.14,1.00,5,3,3,0,0,0,0
04/11/2025,09:06:06,47.47418166666667,19.058061666666667,149.9,F,GPS,2.37,2.14,1.00,5,3,3,0,0,0,0
04/11/2025,09:06:06,47.47418166666667,19.058061666666667,149.9,N,GPS,2.37,2.14,1.00,5,3,3,0,0,0,0
04/11/2025,09:06:06,47.47418166666667,19.058061666666667,149.9,F,GPS,2.37,2.14,1.00,5,3,3,0,0,0,0
04/11/2025,09:06:06,47.47418166666667,19.058061666666667,149.9,F,GPS,2.37,2.14,1.00,5,3,3,0,0,0,0
04/11/2025,09:06:06,47.474183333333336,19.058063333333333,149.9,F,GPS,2.37,53.35,1.00,5,3,3,0,0,0,0
04/11/2025,09:06:06,47.474183333333336,19.058063333333333,149.9,N,GPS,99.99,53.35,99.99,5,3,3,0,0,0,0
04/11/2025,09:06:06,47.474183333333336,19.058063333333333,149.9,F,GPS,99.99,53.35,99.99,5,3,3,0,0,0,0
04/11/2025,09:06:06,47.474183333333336,19.058063333333333,149.9,F,GPS,99.99,53.35,99.99,5,3,3,0,0,0,0
04/11/2025,09:06:08,47.47419333333333,19.058065,149.9,F,GPS,99.99,53.37,99.99,5,3,3,0,0,0,0
04/11/2025,09:06:08,47.47419333333333,19.058065,149.9,N,GPS,99.99,53.37,99.99,5,3,3,0,0,0,0
04/11/2025,09:06:08,47.47419333333333,19.058065,149.9,N,GPS,99.99,53.37,99.99,5,3,3,0,0,0,0
04/11/2025,09:06:08,47.47419333333333,19.058065,149.9,F,GPS,99.99,53.37,99.99,5,3,3,0,0,0,0
04/11/2025,09:06:08,47.47419333333333,19.058065,149.9,F,GPS,99.99,53.37,99.99,5,3,3,0,0,0,0
04/11/2025,09:06:09,47.4742,19.058065,149.9,F,GPS,99.99,53.39,99.99,5,3,3,0,0,0,0
04/11/2025,09:06:09,47.4742,19.058065,149.9,N,GPS,99.99,53.39,99.99,5,3,3,0,0,0,0
04/11/2025,09:06:09,47.4742,19.058065,149.9,F,GPS,99.99,53.39,99.99,5,3,3,0,0,0,0
04/11/2025,09:06:09,47.4742,19.058065,149.9,F,GPS,99.99,53.39,99.99,5,3,3,0,0,0,0
04/11/2025,09:06:10,47.47420666666667,19.058065,149.9,F,GPS,99.99,53.41,99.99,5,3,3,0,0,0,0
04/11/2025,09:06:10,47.47420666666667,19.058065,149.9,N,GPS,99.99,53.41,99.99,5,3,3,0,0,0,0
04/11/2025,09:06:10,47.47420666666667,19.058065,149.9,F,GPS,99.99,53.41,99.99,5,3,3,0,0,0,0
04/11/2025,09:06:10,47.47420666666667,19.058065,149.9,F,GPS,99.99,53.41,99.99,5,3,3,0,0,0,0
04/11/2025,09:06:11,47.47421166666667,19.058063333333333,149.9,F,GPS,99.99,53.42,99.99,5,3,3,0,0,0,0
04/11/2025,09:06:11,47.47421166666667,19.058063333333333,149.9,N,GPS,99.99,53.42,99.99,5,3,3,0,0,0,0
04/11/2025,09:06:11,47.47421166666667,19.058063333333333,149.9,F,GPS,99.99,53.42,99.99,5,3,3,0,0,0,0
04/11/2025,09:06:11,47.47421166666667,19.058063333333333,149.9,F,GPS,99.99,53.42,99.99,5,3,3,0,0,0,0
04/11/2025,09:06:12,47.47421833333333,19.058063333333333,149.9,F,GPS,99.99,53.44,99.99,5,3,3,0,0,0,0
04/11/2025,09:06:12,47.47421833333333,19.058063333333333,149.9,N,GPS,99.99,53.44,99.99,5,3,3,0,0,0,0
04/11/2025,09:06:12,47.47421833333333,19.058063333333333,149.9,F,GPS,99.99,53.44,99.99,5,3,3,0,0,0,0
04/11/2025,09:06:12,47.47421833333333,19.058063333333333,149.9,F,GPS,99.99,53.44,99.99,5,3,3,0,0,0,0
04/11/2025,09:06:12,47.47422,19.058066666666665,149.9,F,GPS,99.99,53.44,99.99,5,3,3,0,0,0,0
04/11/2025,09:06:12,47.47422,19.058066666666665,149.9,N,GPS,99.99,53.44,99.99,5,3,3,0,0,0,0
04/11/2025,09:06:12,47.47422,19.058066666666665,149.9,N,GPS,99.99,53.44,99.99,5,3,3,0,0,0,0
04/11/2025,09:06:12,47.47422,19.058066666666665,149.9,F,GPS,99.99,53.44,99.99,5,3,3,0,0,0,0
04/11/2025,09:06:12,47.47422,19.058066666666665,149.9,F,GPS,99.99,53.44,99.99,5,3,3,0,0,0,0
04/11/2025,09:06:14,47.474228333333336,19.058068333333335,149.9,F,GPS,99.99,53.47,99.99,5,3,3,0,0,0,0
04/11/2025,09:06:14,47.474228333333336,19.058068333333335,149.9,N,GPS,99.99,53.47,99.99,5,3,3,0,0,0,0
04/11/2025,09:06:14,47.474228333333336,19.058068333333335,149.9,F,GPS,99.99,53.47,99.99,5,3,3,0,0,0,0
04/11/2025,09:06:14,47.474228333333336,19.058068333333335,149.9,F,GPS,99.99,53.47,99.99,5,3,3,0,0,0,0
04/11/2025,09:06:15,47.47423166666667,19.05807,149.8,F,GPS,99.99,53.48,99.99,5,3,3,0,0,0,0
04/11/2025,09:06:15,47.47423166666667,19.05807,149.8,N,GPS,99.99,53.48,99.99,5,3,3,0,0,0,0
04/11/2025,09:06:15,47.47423166666667,19.05807,149.8,F,GPS,99.99,53.48,99.99,5,3,3,0,0,0,0
04/11/2025,09:06:15,47.47423166666667,19.05807,149.8,F,GPS,99.99,53.48,99.99,5,3,3,0,0,0,0
04/11/2025,09:06:16,47.47423,19.058063333333333,149.8,F,GPS,99.99,53.50,99.99,5,3,3,0,0,0,0
04/11/2025,09:06:16,47.47423,19.058063333333333,149.8,N,GPS,99.99,53.50,99.99,5,3,3,0,0,0,0
04/11/2025,09:06:16,47.47423,19.058063333333333,149.8,F,GPS,99.99,53.50,99.99,5,3,3,0,0,0,0
04/11/2025,09:06:16,47.47423,19.058063333333333,149.8,F,GPS,99.99,53.50,99.99,5,3,3,0,0,0,0
04/11/2025,09:06:17,47.47423166666667,19.05806,149.8,F,GPS,99.99,53.52,99.99,5,3,3,0,0,0,0
04/11/2025,09:06:17,47.47423166666667,19.05806,149.8,N,GPS,99.99,53.52,99.99,5,3,3,0,0,0,0
04/11/2025,09:06:17,47.47423166666667,19.05806,149.8,F,GPS,99.99,53.52,99.99,5,3,3,0,0,0,0
04/11/2025,09:06:17,47.47423166666667,19.05806,149.8,F,GPS,99.99,53.52,99.99,5,3,3,0,0,0,0
04/11/2025,09:06:18,47.47423166666667,19.05805,149.8,F,GPS,99.99,53.53,99.99,5,3,3,0,0,0,0
04/11/2025,09:06:18,47.47423166666667,19.05805,149.8,N,GPS,99.99,53.53,99.99,5,3,3,0,0,0,0
04/11/2025,09:06:18,47.47423166666667,19.05805,149.8,N,GPS,99.99,53.53,99.99,5,3,3,0,0,0,0
04/11/2025,09:06:18,47.47423166666667,19.05805,149.8,F,GPS,99.99,53.53,99.99,5,3,3,0,0,0,0
04/11/2025,09:06:18,47.47423166666667,19.05805,149.8,F,GPS,99.99,53.53,99.99,5,3,3,0,0,0,0
04/11/2025,09:06:18,47.47423166666667,19.058051666666668,149.8,F,GPS,99.99,53.53,99.99,5,3,3,0,0,0,0
04/11/2025,09:06:18,47.47423166666667,19.058051666666668,149.8,N,GPS,99.99,53.53,99.99,5,3,3,0,0,0,0
04/11/2025,09:06:18,47.47423166666667,19.058051666666668,149.8,F,GPS,99.99,53.53,99.99,5,3,3,0,0,0,0
04/11/2025,09:06:18,47.47423166666667,19.058051666666668,149.8,F,GPS,99.99,53.53,99.99,5,3,3,0,0,0,0
04/11/2025,09:06:20,47.47423666666667,19.058046666666666,149.8,F,GPS,99.99,53.56,99.99,5,3,3,0,0,0,0
04/11/2025,09:06:20,47.47423666666667,19.058046666666666,149.8,N,GPS,99.99,53.56,99.99,5,3,3,0,0,0,0
04/11/2025,09:06:20,47.47423666666667,19.058046666666666,149.8,F,GPS,99.99,53.56,99.99,5,3,3,0,0,0,0
04/11/2025,09:06:20,47.47423666666667,19.058046666666666,149.8,F,GPS,99.99,53.56,99.99,5,3,3,0,0,0,0
04/11/2025,09:06:21,47.474241666666664,19.058045,149.8,F,GPS,99.99,53.58,99.99,5,3,3,0,0,0,0
04/11/2025,09:06:21,47.474241666666664,19.058045,149.8,N,GPS,99.99,53.58,99.99,5,3,3,0,0,0,0
04/11/2025,09:06:21,47.474241666666664,19.058045,149.8,F,GPS,99.99,53.58,99.99,5,3,3,0,0,0,0
04/11/2025,09:06:21,47.474241666666664,19.058045,149.8,F,GPS,99.99,53.58,99.99,5,3,3,0,0,0,0
04/11/2025,09:06:22,47.47423833333333,19.058038333333332,149.8,F,GPS,99.99,53.59,99.99,5,3,3,0,0,0,0
04/11/2025,09:06:22,47.47423833333333,19.058038333333332,149.8,N,GPS,99.99,53.59,99.99,5,3,3,0,0,0,0
04/11/2025,09:06:22,47.47423833333333,19.058038333333332,149.8,F,GPS,99.99,53.59,99.99,5,3,3,0,0,0,0
04/11/2025,09:06:22,47.47423833333333,19.058038333333332,149.8,F,GPS,99.99,53.59,99.99,5,3,3,0,0,0,0
04/11/2025,09:06:23,47.47424,19.058036666666666,149.7,F,GPS,99.99,53.61,99.99,5,3,3,0,0,0,0
04/11/2025,09:06:23,47.47424,19.058036666666666,149.7,N,GPS,99.99,53.61,99.99,5,3,3,0,0,0,0
04/11/2025,09:06:23,47.47424,19.058036666666666,149.7,N,GPS,99.99,53.61,99.99,5,3,3,0,0,0,0
04/11/2025,09:06:23,47.47424,19.058036666666666,149.7,F,GPS,99.99,53.61,99.99,5,3,3,0,0,0,0
04/11/2025,09:06:23,47.47424,19.058036666666666,149.7,F,GPS,99.99,53.61,99.99,5,3,3,0,0,0,0
04/11/2025,09:06:24,47.47424,19.058033333333334,149.7,F,GPS,99.99,53.63,99.99,5,3,3,0,0,0,0
04/11/2025,09:06:24,47.47424,19.058033333333334,149.7,N,GPS,99.99,53.63,99.99,5,3,3,0,0,0,0
04/11/2025,09:06:24,47.47424,19.058033333333334,149.7,F,GPS,99.99,53.63,99.99,5,3,3,0,0,0,0
04/11/2025,09:06:24,47.47424,19.058033333333334,149.7,F,GPS,99.99,53.63,99.99,5,3,3,0,0,0,0
04/11/2025,09:06:24,47.47424,19.05803166666667,149.7,F,GPS,99.99,53.63,99.99,5,3,3,0,0,0,0
04/11/2025,09:06:24,47.47424,19.05803166666667,149.7,N,GPS,99.99,53.63,99.99,5,3,3,0,0,0,0
04/11/2025,09:06:24,47.47424,19.05803166666667,149.7,F,GPS,99.99,53.63,99.99,5,3,3,0,0,0,0
04/11/2025,09:06:24,47.47424,19.05803166666667,149.7,F,GPS,99.99,53.63,99.99,5,3,3,0,0,0,0
04/11/2025,09:06:26,47.474245,19.05803166666667,149.7,F,GPS,99.99,53.66,99.99,5,3,3,0,0,0,0
04/11/2025,09:06:26,47.474245,19.05803166666667,149.7,N,GPS,99.99,53.66,99.99,5,3,3,0,0,0,0
04/11/2025,09:06:26,47.474245,19.05803166666667,149.7,F,GPS,99.99,53.66,99.99,5,3,3,0,0,0,0
04/11/2025,09:06:26,47.474245,19.05803166666667,149.7,F,GPS,99.99,53.66,99.99,5,3,3,0,0,0,0
04/11/2025,09:06:27,47.474245,19.05803166666667,149.7,F,GPS,99.99,53.67,99.99,5,3,3,0,0,0,0
04/11/2025,09:06:27,47.474245,19.05803166666667,149.7,N,GPS,99.99,53.67,99.99,5,3,3,0,0,0,0
04/11/2025,09:06:27,47.474245,19.05803166666667,149.7,F,GPS,99.99,53.67,99.99,5,3,3,0,0,0,0
04/11/2025,09:06:27,47.474245,19.05803166666667,149.7,F,GPS,99.99,53.67,99.99,5,3,3,0,0,0,0
04/11/2025,09:06:28,47.474245,19.058021666666665,149.6,F,GPS,99.99,53.69,99.99,5,3,3,0,0,0,0
04/11/2025,09:06:28,47.474245,19.058021666666665,149.6,N,GPS,99.99,53.69,99.99,5,3,3,0,0,0,0
04/11/2025,09:06:28,47.474245,19.058021666666665,149.6,N,GPS,99.99,53.69,99.99,5,3,3,0,0,0,0
04/11/2025,09:06:28,47.474245,19.058021666666665,149.6,F,GPS,99.99,53.69,99.99,5,3,3,0,0,0,0
04/11/2025,09:06:28,47.474245,19.058021666666665,149.6,F,GPS,99.99,53.69,99.99,5,3,3,0,0,0,0
04/11/2025,09:06:29,47.474241666666664,19.058013333333335,149.6,F,GPS,99.99,53.71,99.99,5,3,3,0,0,0,0
04/11/2025,09:06:29,47.474241666666664,19.058013333333335,149.6,N,GPS,99.99,53.71,99.99,5,3,3,0,0,0,0
04/11/2025,09:06:29,47.474241666666664,19.058013333333335,149.6,F,GPS,99.99,53.71,99.99,5,3,3,0,0,0,0
04/11/2025,09:06:29,47.474241666666664,19.058013333333335,149.6,F,GPS,99.99,53.71,99.99,5,3,3,0,0,0,0
04/11/2025,09:06:30,47.47423666666667,19.058003333333332,149.6,F,GPS,99.99,53.72,99.99,5,3,3,0,0,0,0
04/11/2025,09:06:30,47.47423666666667,19.058003333333332,149.6,N,GPS,99.99,53.72,99.99,5,3,3,0,0,0,0
04/11/2025,09:06:30,47.47423666666667,19.058003333333332,149.6,F,GPS,99.99,53.72,99.99,5,3,3,0,0,0,0
04/11/2025,09:06:30,47.47423666666667,19.058003333333332,149.6,F,GPS,99.99,53.72,99.99,5,3,3,0,0,0,0
04/11/2025,09:06:30,47.47423166666667,19.057998333333334,149.6,F,GPS,99.99,2.15,99.99,5,3,3,0,0,0,0
04/11/2025,09:06:30,47.47423166666667,19.057998333333334,149.6,N,GPS,2.38,2.15,1.00,5,3,3,0,0,0,0
04/11/2025,09:06:30,47.47423166666667,19.057998333333334,149.6,F,GPS,2.38,2.15,1.00,5,3,3,0,0,0,0
04/11/2025,09:06:30,47.47423166666667,19.057998333333334,149.6,F,GPS,2.38,2.15,1.00,5,3,3,0,0,0,0
04/11/2025,09:06:32,47.474228333333336,19.057996666666668,149.5,F,GPS,2.38,2.16,1.00,5,3,3,0,0,0,0
04/11/2025,09:06:32,47.474228333333336,19.057996666666668,149.5,N,GPS,2.38,2.16,1.00,5,3,3,0,0,0,0
04/11/2025,09:06:32,47.474228333333336,19.057996666666668,149.5,F,GPS,2.38,2.16,1.00,5,3,3,0,0,0,0
04/11/2025,09:06:32,47.474228333333336,19.057996666666668,149.5,F,GPS,2.38,2.16,1.00,5,3,3,0,0,0,0
04/11/2025,09:06:33,47.47423333333333,19.05799,149.8,F,GPS,2.38,2.16,1.00,5,3,3,0,0,0,0
04/11/2025,09:06:33,47.47423333333333,19.05799,149.8,N,GPS,2.38,2.16,1.00,5,3,3,0,0,0,0
04/11/2025,09:06:33,47.47423333333333,19.05799,149.8,N,GPS,2.38,2.16,1.00,5,3,3,0,0,0,0
04/11/2025,09:06:33,47.47423333333333,19.05799,149.8,F,GPS,2.38,2.16,1.00,5,3,3,0,0,0,0
04/11/2025,09:06:33,47.47423333333333,19.05799,149.8,F,GPS,2.38,2.16,1.00,5,3,3,0,0,0,0
04/11/2025,09:06:34,47.47423166666667,19.057985,149.8,F,GPS,2.38,2.16,1.00,5,3,3,0,0,0,0
04/11/2025,09:06:34,47.47423166666667,19.057985,149.8,N,GPS,2.38,2.16,1.00,5,3,3,0,0,0,0
04/11/2025,09:06:34,47.47423166666667,19.057985,149.8,F,GPS,2.38,2.16,1.00,5,3,3,0,0,0,0
04/11/2025,09:06:34,47.47423166666667,19.057985,149.8,F,GPS,2.38,2.16,1.00,5,3,3,0,0,0,0
04/11/2025,09:06:35,47.474228333333336,19.057978333333335,149.8,F,GPS,2.38,2.16,1.00,5,3,3,0,0,0,0
04/11/2025,09:06:35,47.474228333333336,19.057978333333335,149.8,N,GPS,2.38,2.16,1.00,5,3,3,0,0,0,0
04/11/2025,09:06:35,47.474228333333336,19.057978333333335,149.8,F,GPS,2.38,2.16,1.00,5,3,3,0,0,0,0
04/11/2025,09:06:35,47.474228333333336,19.057978333333335,149.8,F,GPS,2.38,2.16,1.00,5,3,3,0,0,0,0
04/11/2025,09:06:36,47.47421833333333,19.057975,149.7,F,GPS,2.38,2.16,1.00,5,3,3,0,0,0,0
04/11/2025,09:06:36,47.47421833333333,19.057975,149.7,N,GPS,2.38,2.16,1.00,5,3,3,0,0,0,0
04/11/2025,09:06:36,47.47421833333333,19.057975,149.7,F,GPS,2.38,2.16,1.00,5,3,3,0,0,0,0
04/11/2025,09:06:36,47.47421833333333,19.057975,149.7,F,GPS,2.38,2.16,1.00,5,3,3,0,0,0,0
04/11/2025,09:06:36,47.47421166666667,19.057975,149.8,F,GPS,2.38,2.16,1.00,5,3,3,0,0,0,0
04/11/2025,09:06:36,47.47421166666667,19.057975,149.8,N,GPS,2.38,2.16,1.00,5,3,3,0,0,0,0
04/11/2025,09:06:36,47.47421166666667,19.057975,149.8,F,GPS,2.38,2.16,1.00,5,3,3,0,0,0,0
04/11/2025,09:06:36,47.47421166666667,19.057975,149.8,F,GPS,2.38,2.16,1.00,5,3,3,0,0,0,0
04/11/2025,09:06:38,47.47421166666667,19.05797,149.8,F,GPS,2.38,2.16,1.00,5,3,3,0,0,0,0
04/11/2025,09:06:38,47.47421166666667,19.05797,149.8,N,GPS,2.38,2.16,1.00,5,3,3,0,0,0,0
04/11/2025,09:06:38,47.47421166666667,19.05797,149.8,N,GPS,2.38,2.16,1.00,5,3,3,0,0,0,0
04/11/2025,09:06:38,47.47421166666667,19.05797,149.8,F,GPS,2.38,2.16,1.00,5,3,3,0,0,0,0
04/11/2025,09:06:38,47.47421166666667,19.05797,149.8,F,GPS,2.38,2.16,1.00,5,3,3,0,0,0,0
04/11/2025,09:06:39,47.47421333333333,19.057966666666665,149.9,F,GPS,2.38,2.16,1.00,5,3,3,0,0,0,0
04/11/2025,09:06:39,47.47421333333333,19.057966666666665,149.9,N,GPS,2.38,2.16,1.00,5,3,3,0,0,0,0
04/11/2025,09:06:39,47.47421333333333,19.057966666666665,149.9,F,GPS,2.38,2.16,1.00,5,3,3,0,0,0,0
04/11/2025,09:06:39,47.47421333333333,19.057966666666665,149.9,F,GPS,2.38,2.16,1.00,5,3,3,0,0,0,0
04/11/2025,09:06:40,47.47421333333333,19.057966666666665,149.9,F,GPS,2.38,2.16,1.00,5,3,3,0,0,0,0
04/11/2025,09:06:40,47.47421333333333,19.057966666666665,149.9,N,GPS,2.38,2.16,1.00,5,3,3,0,0,0,0
04/11/2025,09:06:40,47.47421333333333,19.057966666666665,149.9,F,GPS,2.38,2.16,1.00,5,3,3,0,0,0,0
04/11/2025,09:06:40,47.47421333333333,19.057966666666665,149.9,F,GPS,2.38,2.16,1.00,5,3,3,0,0,0,0
04/11/2025,09:06:41,47.47420666666667,19.057961666666667,149.9,F,GPS,2.38,53.90,1.00,5,3,3,0,0,0,0
04/11/2025,09:06:41,47.47420666666667,19.057961666666667,149.9,N,GPS,99.99,53.90,99.99,5,3,3,0,0,0,0
04/11/2025,09:06:41,47.47420666666667,19.057961666666667,149.9,F,GPS,99.99,53.90,99.99,5,3,3,0,0,0,0
04/11/2025,09:06:41,47.47420666666667,19.057961666666667,149.9,F,GPS,99.99,53.90,99.99,5,3,3,0,0,0,0
04/11/2025,09:06:42,47.4742,19.057958333333332,149.9,F,GPS,99.99,2.16,99.99,5,3,3,0,0,0,0
04/11/2025,09:06:42,47.4742,19.057958333333332,149.9,N,GPS,2.38,2.16,1.00,5,3,3,0,0,0,0
04/11/2025,09:06:42,47.4742,19.057958333333332,149.9,F,GPS,2.38,2.16,1.00,5,3,3,0,0,0,0
04/11/2025,09:06:42,47.4742,19.057958333333332,149.9,F,GPS,2.38,2.16,1.00,5,3,3,0,0,0,0
04/11/2025,09:06:42,47.474195,19.057956666666666,149.9,F,GPS,2.38,2.16,1.00,5,3,3,0,0,0,0
04/11/2025,09:06:42,47.474195,19.057956666666666,149.9,N,GPS,2.38,2.16,1.00,5,3,3,0,0,0,0
04/11/2025,09:06:42,47.474195,19.057956666666666,149.9,N,GPS,2.38,2.16,1.00,6,3,3,0,0,0,0
04/11/2025,09:06:42,47.474195,19.057956666666666,149.9,F,GPS,2.38,2.16,1.00,6,3,3,0,0,0,0
04/11/2025,09:06:42,47.474195,19.057956666666666,149.9,F,GPS,2.38,2.16,1.00,6,3,3,0,0,0,0
04/11/2025,09:06:44,47.47419,19.057946666666666,149.9,F,GPS,2.38,2.16,1.00,6,3,3,0,0,0,0
04/11/2025,09:06:44,47.47419,19.057946666666666,149.9,N,GPS,2.38,2.16,1.00,6,3,3,0,0,0,0
04/11/2025,09:06:44,47.47419,19.057946666666666,149.9,F,GPS,2.38,2.16,1.00,6,3,3,0,0,0,0
04/11/2025,09:06:44,47.47419,19.057946666666666,149.9,F,GPS,2.38,2.16,1.00,6,3,3,0,0,0,0
04/11/2025,09:06:45,47.474183333333336,19.057943333333334,149.9,F,GPS,2.38,2.16,1.00,6,3,3,0,0,0,0
04/11/2025,09:06:45,47.474183333333336,19.057943333333334,149.9,N,GPS,2.38,2.16,1.00,6,3,3,0,0,0,0
04/11/2025,09:06:45,47.474183333333336,19.057943333333334,149.9,F,GPS,2.38,2.16,1.00,6,3,3,0,0,0,0
04/11/2025,09:06:45,47.474183333333336,19.057943333333334,149.9,F,GPS,2.38,2.16,1.00,6,3,3,0,0,0,0
04/11/2025,09:06:46,47.474176666666665,19.057941666666668,149.9,F,GPS,2.38,2.16,1.00,6,3,3,0,0,0,0
04/11/2025,09:06:46,47.474176666666665,19.057941666666668,149.9,N,GPS,2.38,2.16,1.00,6,3,3,0,0,0,0
04/11/2025,09:06:46,47.474176666666665,19.057941666666668,149.9,F,GPS,2.38,2.16,1.00,6,3,3,0,0,0,0
04/11/2025,09:06:46,47.474176666666665,19.057941666666668,149.9,F,GPS,2.38,2.16,1.00,6,3,3,0,0,0,0
04/11/2025,09:06:47,47.47416666666667,19.057936666666667,149.9,F,GPS,2.38,2.17,1.00,6,3,3,0,0,0,0
04/11/2025,09:06:47,47.47416666666667,19.057936666666667,149.9,N,GPS,2.39,2.17,1.00,6,3,3,0,0,0,0
04/11/2025,09:06:47,47.47416666666667,19.057936666666667,149.9,F,GPS,2.39,2.17,1.00,6,3,3,0,0,0,0
04/11/2025,09:06:47,47.47416666666667,19.057936666666667,149.9,F,GPS,2.39,2.17,1.00,6,3,3,0,0,0,0
04/11/2025,09:06:48,47.474156666666666,19.057933333333335,149.9,F,GPS,2.39,2.16,1.00,6,3,3,0,0,0,0
04/11/2025,09:06:48,47.474156666666666,19.057933333333335,149.9,N,GPS,2.38,2.16,1.00,6,3,3,0,0,0,0
04/11/2025,09:06:48,47.474156666666666,19.057933333333335,149.9,N,GPS,2.38,2.16,1.00,7,3,3,0,0,0,0
04/11/2025,09:06:48,47.474156666666666,19.057933333333335,149.9,F,GPS,2.38,2.16,1.00,7,3,3,0,0,0,0
04/11/2025,09:06:48,47.474156666666666,19.057933333333335,149.9,F,GPS,2.38,2.16,1.00,7,3,3,0,0,0,0
04/11/2025,09:06:48,47.47415,19.057931666666665,149.9,F,GPS,2.38,2.16,1.00,7,3,3,0,0,0,0
04/11/2025,09:06:48,47.47415,19.057931666666665,149.9,N,GPS,2.38,2.16,1.00,7,3,3,0,0,0,0
04/11/2025,09:06:48,47.47415,19.057931666666665,149.9,F,GPS,2.38,2.16,1.00,7,3,3,0,0,0,0
04/11/2025,09:06:48,47.47415,19.057931666666665,149.9,F,GPS,2.38,2.16,1.00,7,3,3,0,0,0,0
04/11/2025,09:06:50,47.47414166666667,19.057925,149.9,F,GPS,2.38,2.17,1.00,7,3,3,0,0,0,0
04/11/2025,09:06:50,47.47414166666667,19.057925,149.9,N,GPS,2.38,2.17,1.00,7,3,3,0,0,0,0
04/11/2025,09:06:50,47.47414166666667,19.057925,149.9,F,GPS,2.38,2.17,1.00,7,3,3,0,0,0,0
04/11/2025,09:06:50,47.47414166666667,19.057925,149.9,F,GPS,2.38,2.17,1.00,7,3,3,0,0,0,0
04/11/2025,09:06:51,47.474135,19.057916666666667,149.9,F,GPS,2.38,2.17,1.00,7,3,3,0,0,0,0
04/11/2025,09:06:51,47.474135,19.057916666666667,149.9,N,GPS,2.39,2.17,1.00,7,3,3,0,0,0,0
04/11/2025,09:06:51,47.474135,19.057916666666667,149.9,F,GPS,2.39,2.17,1.00,7,3,3,0,0,0,0
04/11/2025,09:06:51,47.474135,19.057916666666667,149.9,F,GPS,2.39,2.17,1.00,7,3,3,0,0,0,0
04/11/2025,09:06:52,47.47413,19.057921666666665,149.9,F,GPS,2.39,2.17,1.00,7,3,3,0,0,0,0
04/11/2025,09:06:52,47.47413,19.057921666666665,149.9,N,GPS,2.39,2.17,1.00,7,3,3,0,0,0,0
04/11/2025,09:06:52,47.47413,19.057921666666665,149.9,F,GPS,2.39,2.17,1.00,7,3,3,0,0,0,0
04/11/2025,09:06:52,47.47413,19.057921666666665,149.9,F,GPS,2.39,2.17,1.00,7,3,3,0,0,0,0
04/11/2025,09:06:53,47.474125,19.057921666666665,149.9,F,GPS,2.39,2.17,1.00,7,3,3,0,0,0,0
04/11/2025,09:06:53,47.474125,19.057921666666665,149.9,N,GPS,2.39,2.17,1.00,7,3,3,0,0,0,0
04/11/2025,09:06:53,47.474125,19.057921666666665,149.9,N,GPS,2.39,2.17,1.00,7,3,3,0,0,0,0
04/11/2025,09:06:53,47.474125,19.057921666666665,149.9,F,GPS,2.39,2.17,1.00,7,3,3,0,0,0,0
04/11/2025,09:06:53,47.474125,19.057921666666665,149.9,F,GPS,2.39,2.17,1.00,7,3,3,0,0,0,0
04/11/2025,09:06:54,47.47411666666667,19.057918333333333,149.9,F,GPS,2.39,2.17,1.00,7,3,3,0,0,0,0
04/11/2025,09:06:54,47.47411666666667,19.057918333333333,149.9,N,GPS,2.39,2.17,1.00,7,3,3,0,0,0,0
04/11/2025,09:06:54,47.47411666666667,19.057918333333333,149.9,F,GPS,2.39,2.17,1.00,7,3,3,0,0,0,0
04/11/2025,09:06:54,47.47411666666667,19.057918333333333,149.9,F,GPS,2.39,2.17,1.00,7,3,3,0,0,0,0
04/11/2025,09:06:54,47.474115,19.057916666666667,149.9,F,GPS,2.39,2.17,1.00,7,3,3,0,0,0,0
04/11/2025,09:06:54,47.474115,19.057916666666667,149.9,N,GPS,2.39,2.17,1.00,7,3,3,0,0,0,0
04/11/2025,09:06:54,47.474115,19.057916666666667,149.9,F,GPS,2.39,2.17,1.00,7,3,3,0,0,0,0
04/11/2025,09:06:54,47.474115,19.057916666666667,149.9,F,GPS,2.39,2.17,1.00,7,3,3,0,0,0,0
04/11/2025,09:06:56,47.474115,19.057918333333333,149.9,F,GPS,2.39,2.17,1.00,7,3,3,0,0,0,0
04/11/2025,09:06:56,47.474115,19.057918333333333,149.9,N,GPS,2.39,2.17,1.00,7,3,3,0,0,0,0
04/11/2025,09:06:56,47.474115,19.057918333333333,149.9,F,GPS,2.39,2.17,1.00,7,3,3,0,0,0,0
04/11/2025,09:06:56,47.474115,19.057918333333333,149.9,F,GPS,2.39,2.17,1.00,7,3,3,0,0,0,0
04/11/2025,09:06:57,47.47411666666667,19.057915,149.9,F,GPS,2.39,2.17,1.00,7,3,3,0,0,0,0
04/11/2025,09:06:57,47.47411666666667,19.057915,149.9,N,GPS,2.39,2.17,1.00,7,3,3,0,0,0,0
04/11/2025,09:06:57,47.47411666666667,19.057915,149.9,F,GPS,2.39,2.17,1.00,7,3,3,0,0,0,0
04/11/2025,09:06:57,47.47411666666667,19.057915,149.9,F,GPS,2.39,2.17,1.00,7,3,3,0,0,0,0
04/11/2025,09:06:58,47.47411833333334,19.057911666666666,149.9,F,GPS,2.39,2.17,1.00,7,3,3,0,0,0,0
04/11/2025,09:06:58,47.47411833333334,19.057911666666666,149.9,N,GPS,2.39,2.17,1.00,7,3,3,0,0,0,0
04/11/2025,09:06:58,47.47411833333334,19.057911666666666,149.9,N,GPS,2.39,2.17,1.00,7,3,3,0,0,0,0
04/11/2025,09:06:58,47.47411833333334,19.057911666666666,149.9,F,GPS,2.39,2.17,1.00,7,3,3,0,0,0,0
04/11/2025,09:06:58,47.47411833333334,19.057911666666666,149.9,F,GPS,2.39,2.17,1.00,7,3,3,0,0,0,0
04/11/2025,09:06:59,47.47412166666667,19.05791333333333,149.9,F,GPS,2.39,2.17,1.00,7,3,3,0,0,0,0
04/11/2025,09:06:59,47.47412166666667,19.05791333333333,149.9,N,GPS,2.39,2.17,1.00,7,3,3,0,0,0,0
04/11/2025,09:06:59,47.47412166666667,19.05791333333333,149.9,F,GPS,2.39,2.17,1.00,7,3,3,0,0,0,0
04/11/2025,09:06:59,47.47412166666667,19.05791333333333,149.9,F,GPS,2.39,2.17,1.00,7,3,3,0,0,0,0
04/11/2025,09:07:00,47.474125,19.05791333333333,149.9,F,GPS,2.39,2.17,1.00,7,3,3,0,0,0,0
04/11/2025,09:07:00,47.474125,19.05791333333333,149.9,N,GPS,2.39,2.17,1.00,7,3,3,0,0,0,0
04/11/2025,09:07:00,47.474125,19.05791333333333,149.9,F,GPS,2.39,2.17,1.00,7,3,3,0,0,0,0
04/11/2025,09:07:00,47.474125,19.05791333333333,149.9,F,GPS,2.39,2.17,1.00,7,3,3,0,0,0,0
04/11/2025,09:07:00,47.47412666666666,19.057915,149.9,F,GPS,2.39,2.17,1.00,7,3,3,0,0,0,0
04/11/2025,09:07:00,47.47412666666666,19.057915,149.9,N,GPS,2.39,2.17,1.00,7,3,3,0,0,0,0
04/11/2025,09:07:00,47.47412666666666,19.057915,149.9,F,GPS,2.39,2.17,1.00,7,3,3,0,0,0,0
04/11/2025,09:07:00,47.47412666666666,19.057915,149.9,F,GPS,2.39,2.17,1.00,7,3,3,0,0,0,0
04/11/2025,09:07:02,47.47412833333333,19.05791333333333,149.9,F,GPS,2.39,2.17,1.00,7,3,3,0,0,0,0
04/11/2025,09:07:02,47.47412833333333,19.05791333333333,149.9,N,GPS,2.39,2.17,1.00,7,3,3,0,0,0,0
04/11/2025,09:07:02,47.47412833333333,19.05791333333333,149.9,F,GPS,2.39,2.17,1.00,7,3,3,0,0,0,0
04/11/2025,09:07:02,47.47412833333333,19.05791333333333,149.9,F,GPS,2.39,2.17,1.00,7,3,3,0,0,0,0
04/11/2025,09:07:03,47.47413,19.057911666666666,149.9,F,GPS,2.39,2.17,1.00,7,3,3,0,0,0,0
04/11/2025,09:07:03,47.47413,19.057911666666666,149.9,N,GPS,2.39,2.17,1.00,7,3,3,0,0,0,0
04/11/2025,09:07:03,47.47413,19.057911666666666,149.9,N,GPS,2.39,2.17,1.00,7,3,3,0,0,0,0
04/11/2025,09:07:03,47.47413,19.057911666666666,149.9,F,GPS,2.39,2.17,1.00,7,3,3,0,0,0,0
04/11/2025,09:07:03,47.47413,19.057911666666666,149.9,F,GPS,2.39,2.17,1.00,7,3,3,0,0,0,0
04/11/2025,09:07:04,47.474131666666665,19.05791,149.9,F,GPS,2.39,2.17,1.00,7,3,3,0,0,0,0
04/11/2025,09:07:04,47.474131666666665,19.05791,149.9,N,GPS,2.39,2.17,1.00,7,3,3,0,0,0,0
04/11/2025,09:07:04,47.474131666666665,19.05791,149.9,F,GPS,2.39,2.17,1.00,7,3,3,0,0,0,0
04/11/2025,09:07:04,47.474131666666665,19.05791,149.9,F,GPS,2.39,2.17,1.00,7,3,3,0,0,0,0
04/11/2025,09:07:05,47.474133333333334,19.057908333333334,149.9,F,GPS,2.39,2.17,1.00,7,3,3,0,0,0,0
04/11/2025,09:07:05,47.474133333333334,19.057908333333334,149.9,N,GPS,2.39,2.17,1.00,7,3,3,0,0,0,0
04/11/2025,09:07:05,47.474133333333334,19.057908333333334,149.9,F,GPS,2.39,2.17,1.00,7,3,3,0,0,0,0
04/11/2025,09:07:05,47.474133333333334,19.057908333333334,149.9,F,GPS,2.39,2.17,1.00,7,3,3,0,0,0,0
04/11/2025,09:07:06,47.474135,19.057908333333334,149.8,F,GPS,2.39,2.17,1.00,7,3,3,0,0,0,0
04/11/2025,09:07:06,47.474135,19.057908333333334,149.8,N,GPS,2.39,2.17,1.00,7,3,3,0,0,0,0
04/11/2025,09:07:06,47.474135,19.057908333333334,149.8,F,GPS,2.39,2.17,1.00,7,3,3,0,0,0,0
04/11/2025,09:07:06,47.474135,19.057908333333334,149.8,F,GPS,2.39,2.17,1.00,7,3,3,0,0,0,0
04/11/2025,09:07:06,47.474135,19.057906666666668,149.8,F,GPS,2.39,54.30,1.00,7,3,3,0,0,0,0
04/11/2025,09:07:06,47.474135,19.057906666666668,149.8,N,GPS,99.99,54.30,99.99,7,3,3,0,0,0,0
04/11/2025,09:07:06,47.474135,19.057906666666668,149.8,F,GPS,99.99,54.30,99.99,7,3,3,0,0,0,0
04/11/2025,09:07:06,47.474135,19.057906666666668,149.8,F,GPS,99.99,54.30,99.99,7,3,3,0,0,0,0
04/11/2025,09:07:08,47.474138333333336,19.057905,149.8,F,GPS,99.99,2.17,99.99,7,3,3,0,0,0,0
04/11/2025,09:07:08,47.474138333333336,19.057905,149.8,N,GPS,2.39,2.17,1.00,7,3,3,0,0,0,0
04/11/2025,09:07:08,47.474138333333336,19.057905,149.8,N,GPS,2.39,2.17,1.00,7,3,3,0,0,0,0
04/11/2025,09:07:08,47.474138333333336,19.057905,149.8,F,GPS,2.39,2.17,1.00,7,3,3,0,0,0,0
04/11/2025,09:07:08,47.474138333333336,19.057905,149.8,F,GPS,2.39,2.17,1.00,7,3,3,0,0,0,0
04/11/2025,09:07:09,47.47414,19.057911666666666,149.8,F,GPS,2.39,2.17,1.00,7,3,3,0,0,0,0
04/11/2025,09:07:09,47.47414,19.057911666666666,149.8,N,GPS,2.39,2.17,1.00,7,3,3,0,0,0,0
04/11/2025,09:07:09,47.47414,19.057911666666666,149.8,F,GPS,2.39,2.17,1.00,7,3,3,0,0,0,0
04/11/2025,09:07:09,47.47414,19.057911666666666,149.8,F,GPS,2.39,2.17,1.00,7,3,3,0,0,0,0
04/11/2025,09:07:10,47.47414,19.05791,149.8,F,GPS,2.39,2.17,1.00,7,3,3,0,0,0,0
04/11/2025,09:07:10,47.47414,19.05791,149.8,N,GPS,2.39,2.17,1.00,7,3,3,0,0,0,0
04/11/2025,09:07:10,47.47414,19.05791,149.8,F,GPS,2.39,2.17,1.00,7,3,3,0,0,0,0
04/11/2025,09:07:10,47.47414,19.05791,149.8,F,GPS,2.39,2.17,1.00,7,3,3,0,0,0,0
04/11/2025,09:07:11,47.47414166666667,19.05791,149.8,F,GPS,2.39,2.18,1.00,7,3,3,0,0,0,0
04/11/2025,09:07:11,47.47414166666667,19.05791,149.8,N,GPS,2.39,2.18,1.00,7,3,3,0,0,0,0
04/11/2025,09:07:11,47.47414166666667,19.05791,149.8,F,GPS,2.39,2.18,1.00,7,3,3,0,0,0,0
04/11/2025,09:07:11,47.47414166666667,19.05791,149.8,F,GPS,2.39,2.18,1.00,7,3,3,0,0,0,0
04/11/2025,09:07:12,47.47414333333333,19.05791,149.8,F,GPS,2.39,2.18,1.00,7,3,3,0,0,0,0
04/11/2025,09:07:12,47.47414333333333,19.05791,149.8,N,GPS,2.40,2.18,1.00,7,3,3,0,0,0,0
04/11/2025,09:07:12,47.47414333333333,19.05791,149.8,F,GPS,2.40,2.18,1.00,7,3,3,0,0,0,0
04/11/2025,09:07:12,47.47414333333333,19.05791,149.8,F,GPS,2.40,2.18,1.00,7,3,3,0,0,0,0
04/11/2025,09:07:12,47.47414333333333,19.057908333333334,149.8,F,GPS,2.40,2.17,1.00,7,3,3,0,0,0,0
04/11/2025,09:07:12,47.47414333333333,19.057908333333334,149.8,N,GPS,2.39,2.17,1.00,7,3,3,0,0,0,0
04/11/2025,09:07:12,47.47414333333333,19.057908333333334,149.8,N,GPS,2.39,2.17,1.00,7,3,3,0,0,0,0
04/11/2025,09:07:12,47.47414333333333,19.057908333333334,149.8,F,GPS,2.39,2.17,1.00,7,3,3,0,0,0,0
04/11/2025,09:07:12,47.47414333333333,19.057908333333334,149.8,F,GPS,2.39,2.17,1.00,7,3,3,0,0,0,0
04/11/2025,09:07:14,47.474145,19.057906666666668,149.8,F,GPS,2.39,2.18,1.00,7,3,3,0,0,0,0
04/11/2025,09:07:14,47.474145,19.057906666666668,149.8,N,GPS,2.40,2.18,1.00,7,3,3,0,0,0,0
04/11/2025,09:07:14,47.474145,19.057906666666668,149.8,F,GPS,2.40,2.18,1.00,7,3,3,0,0,0,0
04/11/2025,09:07:14,47.474145,19.057906666666668,149.8,F,GPS,2.40,2.18,1.00,7,3,3,0,0,0,0
04/11/2025,09:07:15,47.47414666666667,19.057905,149.8,F,GPS,2.40,2.18,1.00,7,3,3,0,0,0,0
04/11/2025,09:07:15,47.47414666666667,19.057905,149.8,N,GPS,2.40,2.18,1.00,7,3,3,0,0,0,0
04/11/2025,09:07:15,47.47414666666667,19.057905,149.8,F,GPS,2.40,2.18,1.00,7,3,3,0,0,0,0
04/11/2025,09:07:15,47.47414666666667,19.057905,149.8,F,GPS,2.40,2.18,1.00,7,3,3,0,0,0,0
04/11/2025,09:07:16,47.47414666666667,19.057905,149.8,F,GPS,2.40,2.18,1.00,7,3,3,0,0,0,0
04/11/2025,09:07:16,47.47414666666667,19.057905,149.8,N,GPS,2.40,2.18,1.00,7,3,3,0,0,0,0
04/11/2025,09:07:16,47.47414666666667,19.057905,149.8,F,GPS,2.40,2.18,1.00,7,3,3,0,0,0,0
04/11/2025,09:07:16,47.47414666666667,19.057905,149.8,F,GPS,2.40,2.18,1.00,7,3,3,0,0,0,0
04/11/2025,09:07:17,47.47414833333333,19.057903333333332,149.8,F,GPS,2.40,54.48,1.00,7,3,3,0,0,0,0
04/11/2025,09:07:17,47.47414833333333,19.057903333333332,149.8,N,GPS,99.99,54.48,99.99,7,3,3,0,0,0,0
04/11/2025,09:07:17,47.47414833333333,19.057903333333332,149.8,F,GPS,99.99,54.48,99.99,7,3,3,0,0,0,0
04/11/2025,09:07:17,47.47414833333333,19.057903333333332,149.8,F,GPS,99.99,54.48,99.99,7,3,3,0,0,0,0
04/11/2025,09:07:18,47.474151666666664,19.057903333333332,149.8,F,GPS,99.99,54.49,99.99,7,3,3,0,0,0,0
04/11/2025,09:07:18,47.474151666666664,19.057903333333332,149.8,N,GPS,99.99,54.49,99.99,7,3,3,0,0,0,0
04/11/2025,09:07:18,47.474151666666664,19.057903333333332,149.8,N,GPS,99.99,54.49,99.99,7,3,3,0,0,0,0
04/11/2025,09:07:18,47.474151666666664,19.057903333333332,149.8,F,GPS,99.99,54.49,99.99,7,3,3,0,0,0,0
04/11/2025,09:07:18,47.474151666666664,19.057903333333332,149.8,F,GPS,99.99,54.49,99.99,7,3,3,0,0,0,0
04/11/2025,09:07:18,47.474151666666664,19.057903333333332,149.8,F,GPS,99.99,2.15,99.99,7,3,3,0,0,0,0
04/11/2025,09:07:18,47.474151666666664,19.057903333333332,149.8,F,GPS,2.36,2.15,0.97,7,4,4,0,0,0,0
04/11/2025,09:07:18,47.474151666666664,19.057903333333332,149.8,F,GPS,2.36,2.15,0.97,7,4,4,0,0,0,0
04/11/2025,09:07:18,47.474151666666664,19.057903333333332,149.8,F,GPS,2.36,2.15,0.97,7,4,4,0,0,0,0
04/11/2025,09:07:20,47.474145,19.057898333333334,149.5,F,GPS,2.36,2.16,0.97,7,4,4,0,0,0,0
04/11/2025,09:07:20,47.474145,19.057898333333334,149.5,F,GPS,2.37,2.16,0.97,7,4,4,0,0,0,0
04/11/2025,09:07:20,47.474145,19.057898333333334,149.5,F,GPS,2.37,2.16,0.97,7,4,4,0,0,0,0
04/11/2025,09:07:20,47.474145,19.057898333333334,149.5,F,GPS,2.37,2.16,0.97,7,4,4,0,0,0,0
04/11/2025,09:07:21,47.47414666666667,19.057896666666668,149.5,F,GPS,2.37,2.15,0.97,7,4,4,0,0,0,0
04/11/2025,09:07:21,47.47414666666667,19.057896666666668,149.5,F,GPS,2.36,2.15,0.97,7,4,4,0,0,0,0
04/11/2025,09:07:21,47.47414666666667,19.057896666666668,149.5,F,GPS,2.36,2.15,0.97,7,4,4,0,0,0,0
04/11/2025,09:07:21,47.47414666666667,19.057896666666668,149.5,F,GPS,2.36,2.15,0.97,7,4,4,0,0,0,0
04/11/2025,09:07:22,47.47414666666667,19.057895,149.5,F,GPS,2.36,2.16,0.97,7,4,4,0,0,0,0
04/11/2025,09:07:22,47.47414666666667,19.057895,149.5,F,GPS,2.37,2.16,0.97,7,4,4,0,0,0,0
04/11/2025,09:07:22,47.47414666666667,19.057895,149.5,F,GPS,2.37,2.16,0.97,7,4,4,0,0,0,0
04/11/2025,09:07:22,47.47414666666667,19.057895,149.5,F,GPS,2.37,2.16,0.97,7,4,4,0,0,0,0
04/11/2025,09:07:23,47.47414666666667,19.057895,149.5,F,GPS,2.37,2.16,0.97,7,4,4,0,0,0,0
04/11/2025,09:07:23,47.47414666666667,19.057895,149.5,F,GPS,2.37,2.16,0.97,7,4,4,0,0,0,0
04/11/2025,09:07:23,47.47414666666667,19.057895,149.5,F,GPS,2.37,2.16,0.97,8,4,4,0,0,0,0
04/11/2025,09:07:23,47.47414666666667,19.057895,149.5,F,GPS,2.37,2.16,0.97,8,4,4,0,0,0,0
04/11/2025,09:07:23,47.47414666666667,19.057895,149.5,F,GPS,2.37,2.16,0.97,8,4,4,0,0,0,0
04/11/2025,09:07:24,47.47414666666667,19.057895,149.4,F,GPS,2.37,2.16,0.97,8,4,4,0,0,0,0
04/11/2025,09:07:24,47.47414666666667,19.057895,149.4,F,GPS,2.37,2.16,0.97,8,4,4,0,0,0,0
04/11/2025,09:07:24,47.47414666666667,19.057895,149.4,F,GPS,2.37,2.16,0.97,8,4,4,0,0,0,0
04/11/2025,09:07:24,47.47414666666667,19.057895,149.4,F,GPS,2.37,2.16,0.97,8,4,4,0,0,0,0
04/11/2025,09:07:25,47.474145,19.057893333333332,149.4,F,GPS,2.37,2.16,0.97,8,4,4,0,0,0,0
04/11/2025,09:07:25,47.474145,19.057893333333332,149.4,F,GPS,2.36,2.16,0.97,8,4,4,0,0,0,0
04/11/2025,09:07:25,47.474145,19.057893333333332,149.4,F,GPS,2.36,2.16,0.97,8,4,4,0,0,0,0
04/11/2025,09:07:25,47.474145,19.057893333333332,149.4,F,GPS,2.36,2.16,0.97,8,4,4,0,0,0,0
04/11/2025,09:07:26,47.47414666666667,19.05789,149.4,F,GPS,2.36,2.16,0.97,8,4,4,0,0,0,0
04/11/2025,09:07:26,47.47414666666667,19.05789,149.4,F,GPS,2.36,2.16,0.97,8,4,4,0,0,0,0
04/11/2025,09:07:26,47.47414666666667,19.05789,149.4,F,GPS,2.36,2.16,0.97,8,4,4,0,0,0,0
04/11/2025,09:07:26,47.47414666666667,19.05789,149.4,F,GPS,2.36,2.16,0.97,8,4,4,0,0,0,0
04/11/2025,09:07:27,47.47414666666667,19.057888333333334,149.4,F,GPS,2.36,2.16,0.97,8,4,4,0,0,0,0
04/11/2025,09:07:27,47.47414666666667,19.057888333333334,149.4,F,GPS,2.37,2.16,0.97,8,4,4,0,0,0,0
04/11/2025,09:07:27,47.47414666666667,19.057888333333334,149.4,F,GPS,2.37,2.16,0.97,8,4,4,0,0,0,0
04/11/2025,09:07:27,47.47414666666667,19.057888333333334,149.4,F,GPS,2.37,2.16,0.97,8,4,4,0,0,0,0
04/11/2025,09:07:28,47.47414833333333,19.05788666666667,149.4,F,GPS,2.37,2.16,0.97,8,4,4,0,0,0,0
04/11/2025,09:07:28,47.47414833333333,19.05788666666667,149.4,F,GPS,2.37,2.16,0.97,8,4,4,0,0,0,0
04/11/2025,09:07:28,47.47414833333333,19.05788666666667,149.4,F,GPS,2.37,2.16,0.97,8,4,4,0,0,0,0
04/11/2025,09:07:28,47.47414833333333,19.05788666666667,149.4,F,GPS,2.37,2.16,0.97,8,4,4,0,0,0,0
04/11/2025,09:07:28,47.47414833333333,19.05788666666667,149.4,F,GPS,2.37,2.16,0.97,8,4,4,0,0,0,0
04/11/2025,09:07:29,47.47415,19.05788666666667,149.4,F,GPS,2.37,2.16,0.97,8,4,4,0,0,0,0
04/11/2025,09:07:29,47.47415,19.05788666666667,149.4,F,GPS,2.37,2.16,0.97,8,4,4,0,0,0,0
04/11/2025,09:07:29,47.47415,19.05788666666667,149.4,F,GPS,2.37,2.16,0.97,8,4,4,0,0,0,0
04/11/2025,09:07:29,47.47415,19.05788666666667,149.4,F,GPS,2.37,2.16,0.97,8,4,4,0,0,0,0
04/11/2025,09:07:30,47.47415,19.057885,149.4,F,GPS,2.37,2.16,0.97,8,4,4,0,0,0,0
04/11/2025,09:07:30,47.47415,19.057885,149.4,F,GPS,2.37,2.16,0.97,8,4,4,0,0,0,0
04/11/2025,09:07:30,47.47415,19.057885,149.4,F,GPS,2.37,2.16,0.97,8,4,4,0,0,0,0
04/11/2025,09:07:30,47.47415,19.057885,149.4,F,GPS,2.37,2.16,0.97,8,4,4,0,0,0,0
04/11/2025,09:07:31,47.474151666666664,19.057883333333333,149.4,F,GPS,2.37,2.16,0.97,8,4,4,0,0,0,0
04/11/2025,09:07:31,47.474151666666664,19.057883333333333,149.4,F,GPS,2.37,2.16,0.97,8,4,4,0,0,0,0
04/11/2025,09:07:31,47.474151666666664,19.057883333333333,149.4,F,GPS,2.37,2.16,0.97,8,4,4,0,0,0,0
04/11/2025,09:07:31,47.474151666666664,19.057883333333333,149.4,F,GPS,2.37,2.16,0.97,8,4,4,0,0,0,0
04/11/2025,09:07:32,47.474155,19.057883333333333,149.4,F,GPS,2.37,2.16,0.97,8,4,4,0,0,0,0
04/11/2025,09:07:32,47.474155,19.057883333333333,149.4,F,GPS,2.37,2.16,0.97,8,4,4,0,0,0,0
04/11/2025,09:07:32,47.474155,19.057883333333333,149.4,F,GPS,2.37,2.16,0.97,8,4,4,0,0,0,0
04/11/2025,09:07:32,47.474155,19.057883333333333,149.4,F,GPS,2.37,2.16,0.97,8,4,4,0,0,0,0
04/11/2025,09:07:33,47.474156666666666,19.057881666666667,149.4,F,GPS,2.37,2.16,0.97,8,4,4,0,0,0,0
04/11/2025,09:07:33,47.474156666666666,19.057881666666667,149.4,F,GPS,2.37,2.16,0.97,8,4,4,0,0,0,0
04/11/2025,09:07:33,47.474156666666666,19.057881666666667,149.4,F,GPS,2.37,2.16,0.97,8,4,4,0,0,0,0
04/11/2025,09:07:33,47.474156666666666,19.057881666666667,149.4,F,GPS,2.37,2.16,0.97,8,4,4,0,0,0,0
04/11/2025,09:07:33,47.474156666666666,19.057881666666667,149.4,F,GPS,2.37,2.16,0.97,8,4,4,0,0,0,0
04/11/2025,09:07:34,47.474156666666666,19.05788,149.4,F,GPS,2.37,2.16,0.97,8,4,4,0,0,0,0
04/11/2025,09:07:34,47.474156666666666,19.05788,149.4,F,GPS,2.37,2.16,0.97,8,4,4,0,0,0,0
04/11/2025,09:07:34,47.474156666666666,19.05788,149.4,F,GPS,2.37,2.16,0.97,8,4,4,0,0,0,0
04/11/2025,09:07:34,47.474156666666666,19.05788,149.4,F,GPS,2.37,2.16,0.97,8,4,4,0,0,0,0
04/11/2025,09:07:35,47.474158333333335,19.057878333333335,149.4,F,GPS,2.37,2.16,0.97,8,4,4,0,0,0,0
04/11/2025,09:07:35,47.474158333333335,19.057878333333335,149.4,F,GPS,2.37,2.16,0.97,8,4,4,0,0,0,0
04/11/2025,09:07:35,47.474158333333335,19.057878333333335,149.4,F,GPS,2.37,2.16,0.97,8,4,4,0,0,0,0
04/11/2025,09:07:35,47.474158333333335,19.057878333333335,149.4,F,GPS,2.37,2.16,0.97,8,4,4,0,0,0,0
04/11/2025,09:07:36,47.474158333333335,19.057876666666665,149.4,F,GPS,2.37,2.16,0.97,8,4,4,0,0,0,0
04/11/2025,09:07:36,47.474158333333335,19.057876666666665,149.4,F,GPS,2.37,2.16,0.97,8,4,4,0,0,0,0
04/11/2025,09:07:36,47.474158333333335,19.057876666666665,149.4,F,GPS,2.37,2.16,0.97,8,4,4,0,0,0,0
04/11/2025,09:07:36,47.474158333333335,19.057876666666665,149.4,F,GPS,2.37,2.16,0.97,8,4,4,0,0,0,0
04/11/2025,09:07:37,47.474158333333335,19.057876666666665,149.4,F,GPS,2.37,2.16,0.97,8,4,4,0,0,0,0
04/11/2025,09:07:37,47.474158333333335,19.057876666666665,149.4,F,GPS,2.37,2.16,0.97,8,4,4,0,0,0,0
04/11/2025,09:07:37,47.474158333333335,19.057876666666665,149.4,F,GPS,2.37,2.16,0.97,8,4,4,0,0,0,0
04/11/2025,09:07:37,47.474158333333335,19.057876666666665,149.4,F,GPS,2.37,2.16,0.97,8,4,4,0,0,0,0
04/11/2025,09:07:38,47.474158333333335,19.057876666666665,149.3,F,GPS,2.37,2.91,0.97,8,4,4,0,0,0,0
04/11/2025,09:07:38,47.474158333333335,19.057876666666665,149.3,F,GPS,5.03,2.91,4.10,8,4,4,0,0,0,0
04/11/2025,09:07:38,47.474158333333335,19.057876666666665,149.3,F,GPS,5.03,2.91,4.10,8,4,4,0,0,0,0
04/11/2025,09:07:38,47.474158333333335,19.057876666666665,149.3,F,GPS,5.03,2.91,4.10,8,4,4,0,0,0,0
04/11/2025,09:07:38,47.474158333333335,19.057876666666665,149.3,F,GPS,5.03,2.91,4.10,8,4,4,0,0,0,0
04/11/2025,09:07:39,47.47416,19.057875,149.3,F,GPS,5.03,2.16,4.10,8,4,4,0,0,0,0
04/11/2025,09:07:39,47.47416,19.057875,149.3,F,GPS,2.37,2.16,0.97,8,4,4,0,0,0,0
04/11/2025,09:07:39,47.47416,19.057875,149.3,F,GPS,2.37,2.16,0.97,8,4,4,0,0,0,0
04/11/2025,09:07:39,47.47416,19.057875,149.3,F,GPS,2.37,2.16,0.97,8,4,4,0,0,0,0
04/11/2025,09:07:40,47.47416166666667,19.057875,149.3,F,GPS,2.37,2.16,0.97,8,4,4,0,0,0,0
04/11/2025,09:07:40,47.47416166666667,19.057875,149.3,F,GPS,2.37,2.16,0.97,8,4,4,0,0,0,0
04/11/2025,09:07:40,47.47416166666667,19.057875,149.3,F,GPS,2.37,2.16,0.97,8,4,4,0,0,0,0
04/11/2025,09:07:40,47.47416166666667,19.057875,149.3,F,GPS,2.37,2.16,0.97,8,4,4,0,0,0,0
04/11/2025,09:07:41,47.47416333333334,19.057875,149.3,F,GPS,2.37,2.91,0.97,8,4,4,0,0,0,0
04/11/2025,09:07:41,47.47416333333334,19.057875,149.3,F,GPS,5.03,2.91,4.10,8,4,4,0,0,0,0
04/11/2025,09:07:41,47.47416333333334,19.057875,149.3,F,GPS,5.03,2.91,4.10,8,4,4,0,0,0,0
04/11/2025,09:07:41,47.47416333333334,19.057875,149.3,F,GPS,5.03,2.91,4.10,8,4,4,0,0,0,0
04/11/2025,09:07:42,47.474165,19.057875,149.3,F,GPS,5.03,2.91,4.10,8,4,4,0,0,0,0
04/11/2025,09:07:42,47.474165,19.057875,149.3,F,GPS,5.03,2.91,4.10,8,4,4,0,0,0,0
04/11/2025,09:07:42,47.474165,19.057875,149.3,F,GPS,5.03,2.91,4.10,8,4,4,0,0,0,0
04/11/2025,09:07:42,47.474165,19.057875,149.3,F,GPS,5.03,2.91,4.10,8,4,4,0,0,0,0
04/11/2025,09:07:43,47.47416666666667,19.057875,149.3,F,GPS,5.03,2.16,4.10,8,4,4,0,0,0,0
04/11/2025,09:07:43,47.47416666666667,19.057875,149.3,F,GPS,2.37,2.16,0.97,8,4,4,0,0,0,0
04/11/2025,09:07:43,47.47416666666667,19.057875,149.3,F,GPS,2.37,2.16,0.97,9,4,4,0,0,0,0
04/11/2025,09:07:43,47.47416666666667,19.057875,149.3,F,GPS,2.37,2.16,0.97,9,4,4,0,0,0,0
04/11/2025,09:07:43,47.47416666666667,19.057875,149.3,F,GPS,2.37,2.16,0.97,9,4,4,0,0,0,0
04/11/2025,09:07:44,47.47416833333333,19.057875,149.3,F,GPS,2.37,2.91,0.97,9,4,4,0,0,0,0
04/11/2025,09:07:44,47.47416833333333,19.057875,149.3,F,GPS,5.03,2.91,4.10,9,4,4,0,0,0,0
04/11/2025,09:07:44,47.47416833333333,19.057875,149.3,F,GPS,5.03,2.91,4.10,9,4,4,0,0,0,0
04/11/2025,09:07:44,47.47416833333333,19.057875,149.3,F,GPS,5.03,2.91,4.10,9,4,4,0,0,0,0
04/11/2025,09:07:45,47.47416833333333,19.057875,149.3,F,GPS,5.03,2.17,4.10,9,4,4,0,0,0,0
04/11/2025,09:07:45,47.47416833333333,19.057875,149.3,F,GPS,2.37,2.17,0.97,9,4,4,0,0,0,0
04/11/2025,09:07:45,47.47416833333333,19.057875,149.3,F,GPS,2.37,2.17,0.97,9,4,4,0,0,0,0
04/11/2025,09:07:45,47.47416833333333,19.057875,149.3,F,GPS,2.37,2.17,0.97,9,4,4,0,0,0,0
04/11/2025,09:07:46,47.47417,19.057875,149.2,F,GPS,2.37,2.91,0.97,9,4,4,0,0,0,0
04/11/2025,09:07:46,47.47417,19.057875,149.2,F,GPS,5.02,2.91,4.10,9,4,4,0,0,0,0
04/11/2025,09:07:46,47.47417,19.057875,149.2,F,GPS,5.02,2.91,4.10,9,4,4,0,0,0,0
04/11/2025,09:07:46,47.47417,19.057875,149.2,F,GPS,5.02,2.91,4.10,9,4,4,0,0,0,0
04/11/2025,09:07:47,47.47417,19.057875,149.2,F,GPS,5.02,2.91,4.10,9,4,4,0,0,0,0
04/11/2025,09:07:47,47.47417,19.057875,149.2,F,GPS,5.02,2.91,4.09,9,4,4,0,0,0,0
04/11/2025,09:07:47,47.47417,19.057875,149.2,F,GPS,5.02,2.91,4.09,9,4,4,0,0,0,0
04/11/2025,09:07:47,47.47417,19.057875,149.2,F,GPS,5.02,2.91,4.09,9,4,4,0,0,0,0
04/11/2025,09:07:48,47.47417166666666,19.057876666666665,149.2,F,GPS,5.02,2.17,4.09,9,4,4,0,0,0,0
04/11/2025,09:07:48,47.47417166666666,19.057876666666665,149.2,F,GPS,2.37,2.17,0.97,9,4,4,0,0,0,0
04/11/2025,09:07:48,47.47417166666666,19.057876666666665,149.2,F,GPS,2.37,2.17,0.97,9,4,4,0,0,0,0
04/11/2025,09:07:48,47.47417166666666,19.057876666666665,149.2,F,GPS,2.37,2.17,0.97,9,4,4,0,0,0,0
04/11/2025,09:07:48,47.47417166666666,19.057876666666665,149.2,F,GPS,2.37,2.17,0.97,9,4,4,0,0,0,0
04/11/2025,09:07:49,47.47417166666666,19.057875,149.2,F,GPS,2.37,2.17,0.97,9,4,4,0,0,0,0
04/11/2025,09:07:49,47.47417166666666,19.057875,149.2,F,GPS,2.38,2.17,0.97,9,4,4,0,0,0,0
04/11/2025,09:07:49,47.47417166666666,19.057875,149.2,F,GPS,2.38,2.17,0.97,9,4,4,0,0,0,0
04/11/2025,09:07:49,47.47417166666666,19.057875,149.2,F,GPS,2.38,2.17,0.97,9,4,4,0,0,0,0
04/11/2025,09:07:50,47.47417333333333,19.057875,149.2,F,GPS,2.38,2.17,0.97,9,4,4,0,0,0,0
04/11/2025,09:07:50,47.47417333333333,19.057875,149.2,F,GPS,2.37,2.17,0.97,9,4,4,0,0,0,0
04/11/2025,09:07:50,47.47417333333333,19.057875,149.2,F,GPS,2.37,2.17,0.97,9,4,4,0,0,0,0
04/11/2025,09:07:50,47.47417333333333,19.057875,149.2,F,GPS,2.37,2.17,0.97,9,4,4,0,0,0,0
04/11/2025,09:07:51,47.47417333333333,19.057875,149.2,F,GPS,2.37,2.17,0.97,9,4,4,0,0,0,0
04/11/2025,09:07:51,47.47417333333333,19.057875,149.2,F,GPS,2.38,2.17,0.97,9,4,4,0,0,0,0
04/11/2025,09:07:51,47.47417333333333,19.057875,149.2,F,GPS,2.38,2.17,0.97,9,4,4,0,0,0,0
04/11/2025,09:07:51,47.47417333333333,19.057875,149.2,F,GPS,2.38,2.17,0.97,9,4,4,0,0,0,0
04/11/2025,09:07:52,47.47417166666666,19.057875,149.2,F,GPS,2.38,2.17,0.97,9,4,4,0,0,0,0
04/11/2025,09:07:52,47.47417166666666,19.057875,149.2,F,GPS,2.38,2.17,0.97,9,4,4,0,0,0,0
04/11/2025,09:07:52,47.47417166666666,19.057875,149.2,F,GPS,2.38,2.17,0.97,9,4,4,0,0,0,0
04/11/2025,09:07:52,47.47417166666666,19.057875,149.2,F,GPS,2.38,2.17,0.97,9,4,4,0,0,0,0
04/11/2025,09:07:53,47.47417166666666,19.057876666666665,149.2,F,GPS,2.38,2.17,0.97,9,4,4,0,0,0,0
04/11/2025,09:07:53,47.47417166666666,19.057876666666665,149.2,F,GPS,2.38,2.17,0.97,9,4,4,0,0,0,0
04/11/2025,09:07:53,47.47417166666666,19.057876666666665,149.2,F,GPS,2.38,2.17,0.97,9,4,4,0,0,0,0
04/11/2025,09:07:53,47.47417166666666,19.057876666666665,149.2,F,GPS,2.38,2.17,0.97,9,4,4,0,0,0,0
04/11/2025,09:07:53,47.47417166666666,19.057876666666665,149.2,F,GPS,2.38,2.17,0.97,9,4,4,0,0,0,0
04/11/2025,09:07:54,47.47417,19.057878333333335,149.2,F,GPS,2.38,2.17,0.97,9,4,4,0,0,0,0
04/11/2025,09:07:54,47.47417,19.057878333333335,149.2,F,GPS,2.38,2.17,0.97,9,4,4,0,0,0,0
04/11/2025,09:07:54,47.47417,19.057878333333335,149.2,F,GPS,2.38,2.17,0.97,9,4,4,0,0,0,0
04/11/2025,09:07:54,47.47417,19.057878333333335,149.2,F,GPS,2.38,2.17,0.97,9,4,4,0,0,0,0
04/11/2025,09:07:55,47.47416833333333,19.057881666666667,149.2,F,GPS,2.38,2.17,0.97,9,4,4,0,0,0,0
04/11/2025,09:07:55,47.47416833333333,19.057881666666667,149.2,F,GPS,2.38,2.17,0.97,9,4,4,0,0,0,0
04/11/2025,09:07:55,47.47416833333333,19.057881666666667,149.2,F,GPS,2.38,2.17,0.97,9,4,4,0,0,0,0
04/11/2025,09:07:55,47.47416833333333,19.057881666666667,149.2,F,GPS,2.38,2.17,0.97,9,4,4,0,0,0,0
04/11/2025,09:07:56,47.47416666666667,19.057883333333333,149.2,F,GPS,2.38,2.17,0.97,9,4,4,0,0,0,0
04/11/2025,09:07:56,47.47416666666667,19.057883333333333,149.2,F,GPS,2.38,2.17,0.97,9,4,4,0,0,0,0
04/11/2025,09:07:56,47.47416666666667,19.057883333333333,149.2,F,GPS,2.38,2.17,0.97,9,4,4,0,0,0,0
04/11/2025,09:07:56,47.47416666666667,19.057883333333333,149.2,F,GPS,2.38,2.17,0.97,9,4,4,0,0,0,0
04/11/2025,09:07:57,47.474165,19.057885,149.2,F,GPS,2.38,2.17,0.97,9,4,4,0,0,0,0
04/11/2025,09:07:57,47.474165,19.057885,149.2,F,GPS,2.38,2.17,0.97,9,4,4,0,0,0,0
04/11/2025,09:07:57,47.474165,19.057885,149.2,F,GPS,2.38,2.17,0.97,9,4,4,0,0,0,0
04/11/2025,09:07:57,47.474165,19.057885,149.2,F,GPS,2.38,2.17,0.97,9,4,4,0,0,0,0
04/11/2025,09:07:58,47.474155,19.05789,149.0,F,GPS,2.38,2.17,0.97,9,4,4,0,0,0,0
04/11/2025,09:07:58,47.474155,19.05789,149.0,F,GPS,2.38,2.17,0.97,9,4,4,0,0,0,0
04/11/2025,09:07:58,47.474155,19.05789,149.0,F,GPS,2.38,2.17,0.97,9,4,4,0,0,0,0
04/11/2025,09:07:58,47.474155,19.05789,149.0,F,GPS,2.38,2.17,0.97,9,4,4,0,0,0,0
04/11/2025,09:07:58,47.474155,19.05789,149.0,F,GPS,2.38,2.17,0.97,9,4,4,0,0,0,0
04/11/2025,09:07:59,47.47414166666667,19.057901666666666,148.9,F,GPS,2.38,2.17,0.97,9,4,4,0,0,0,0
04/11/2025,09:07:59,47.47414166666667,19.057901666666666,148.9,F,GPS,2.38,2.17,0.97,9,4,4,0,0,0,0
04/11/2025,09:07:59,47.47414166666667,19.057901666666666,148.9,F,GPS,2.38,2.17,0.97,9,4,4,0,0,0,0
04/11/2025,09:07:59,47.47414166666667,19.057901666666666,148.9,F,GPS,2.38,2.17,0.97,9,4,4,0,0,0,0
04/11/2025,09:08:00,47.47413,19.057915,148.8,F,GPS,2.38,2.17,0.97,9,4,4,0,0,0,0
04/11/2025,09:08:00,47.47413,19.057915,148.8,F,GPS,2.38,2.17,0.97,9,4,4,0,0,0,0
04/11/2025,09:08:00,47.47413,19.057915,148.8,F,GPS,2.38,2.17,0.97,9,4,4,0,0,0,0
04/11/2025,09:08:00,47.47413,19.057915,148.8,F,GPS,2.38,2.17,0.97,9,4,4,0,0,0,0
04/11/2025,09:08:01,47.47412,19.057928333333333,148.7,F,GPS,2.38,2.18,0.97,9,4,4,0,0,0,0
04/11/2025,09:08:01,47.47412,19.057928333333333,148.7,F,GPS,2.38,2.18,0.97,9,4,4,0,0,0,0
04/11/2025,09:08:01,47.47412,19.057928333333333,148.7,F,GPS,2.38,2.18,0.97,9,4,4,0,0,0,0
04/11/2025,09:08:01,47.47412,19.057928333333333,148.7,F,GPS,2.38,2.18,0.97,9,4,4,0,0,0,0
04/11/2025,09:08:02,47.474125,19.057938333333333,148.7,F,GPS,2.38,2.17,0.97,9,4,4,0,0,0,0
04/11/2025,09:08:02,47.474125,19.057938333333333,148.7,F,GPS,2.38,2.17,0.97,9,4,4,0,0,0,0
04/11/2025,09:08:02,47.474125,19.057938333333333,148.7,F,GPS,2.38,2.17,0.97,9,4,4,0,0,0,0
04/11/2025,09:08:02,47.474125,19.057938333333333,148.7,F,GPS,2.38,2.17,0.97,9,4,4,0,0,0,0
04/11/2025,09:08:03,47.47411833333334,19.057948333333332,148.5,F,GPS,2.38,2.17,0.97,9,4,4,0,0,0,0
04/11/2025,09:08:03,47.47411833333334,19.057948333333332,148.5,F,GPS,2.38,2.17,0.97,9,4,4,0,0,0,0
04/11/2025,09:08:03,47.47411833333334,19.057948333333332,148.5,F,GPS,2.38,2.17,0.97,9,4,4,0,0,0,0
04/11/2025,09:08:03,47.47411833333334,19.057948333333332,148.5,F,GPS,2.38,2.17,0.97,9,4,4,0,0,0,0
04/11/2025,09:08:03,47.47411833333334,19.057948333333332,148.5,F,GPS,2.38,2.17,0.97,9,4,4,0,0,0,0
04/11/2025,09:08:04,47.47412,19.05796,148.4,F,GPS,2.38,2.18,0.97,9,4,4,0,0,0,0
04/11/2025,09:08:04,47.47412,19.05796,148.4,F,GPS,2.38,2.18,0.97,9,4,4,0,0,0,0
04/11/2025,09:08:04,47.47412,19.05796,148.4,F,GPS,2.38,2.18,0.97,9,4,4,0,0,0,0
04/11/2025,09:08:04,47.47412,19.05796,148.4,F,GPS,2.38,2.18,0.97,9,4,4,0,0,0,0
04/11/2025,09:08:05,47.474125,19.057971666666667,148.3,F,GPS,2.38,2.18,0.97,9,4,4,0,0,0,0
04/11/2025,09:08:05,47.474125,19.057971666666667,148.3,F,GPS,2.38,2.18,0.97,9,4,4,0,0,0,0
04/11/2025,09:08:05,47.474125,19.057971666666667,148.3,F,GPS,2.38,2.18,0.97,9,4,4,0,0,0,0
04/11/2025,09:08:05,47.474125,19.057971666666667,148.3,F,GPS,2.38,2.18,0.97,9,4,4,0,0,0,0
04/11/2025,09:08:06,47.47412,19.057975,148.2,F,GPS,2.38,2.18,0.97,9,4,4,0,0,0,0
04/11/2025,09:08:06,47.47412,19.057975,148.2,F,GPS,2.38,2.18,0.97,9,4,4,0,0,0,0
04/11/2025,09:08:06,47.47412,19.057975,148.2,F,GPS,2.38,2.18,0.97,9,4,4,0,0,0,0
04/11/2025,09:08:06,47.47412,19.057975,148.2,F,GPS,2.38,2.18,0.97,9,4,4,0,0,0,0
04/11/2025,09:08:07,47.47411666666667,19.057983333333333,148.2,F,GPS,2.38,2.18,0.97,9,4,4,0,0,0,0
04/11/2025,09:08:07,47.47411666666667,19.057983333333333,148.2,F,GPS,2.38,2.18,0.97,9,4,4,0,0,0,0
04/11/2025,09:08:07,47.47411666666667,19.057983333333333,148.2,F,GPS,2.38,2.18,0.97,9,4,4,0,0,0,0
04/11/2025,09:08:07,47.47411666666667,19.057983333333333,148.2,F,GPS,2.38,2.18,0.97,9,4,4,0,0,0,0
04/11/2025,09:08:08,47.474115,19.057986666666668,148.1,F,GPS,2.38,2.18,0.97,9,4,4,0,0,0,0
04/11/2025,09:08:08,47.474115,19.057986666666668,148.1,F,GPS,2.38,2.18,0.97,9,4,4,0,0,0,0
04/11/2025,09:08:08,47.474115,19.057986666666668,148.1,F,GPS,2.38,2.18,0.97,9,4,4,0,0,0,0
04/11/2025,09:08:08,47.474115,19.057986666666668,148.1,F,GPS,2.38,2.18,0.97,9,4,4,0,0,0,0
04/11/2025,09:08:08,47.474115,19.057986666666668,148.1,F,GPS,2.38,2.18,0.97,9,4,4,0,0,0,0
04/11/2025,09:08:09,47.474115,19.057991666666666,148.1,F,GPS,2.38,2.18,0.97,9,4,4,0,0,0,0
04/11/2025,09:08:09,47.474115,19.057991666666666,148.1,F,GPS,2.38,2.18,0.97,9,4,4,0,0,0,0
04/11/2025,09:08:09,47.474115,19.057991666666666,148.1,F,GPS,2.38,2.18,0.97,9,4,4,0,0,0,0
04/11/2025,09:08:09,47.474115,19.057991666666666,148.1,F,GPS,2.38,2.18,0.97,9,4,4,0,0,0,0
04/11/2025,09:08:10,47.474113333333335,19.057995,148.1,F,GPS,2.38,2.18,0.97,9,4,4,0,0,0,0
04/11/2025,09:08:10,47.474113333333335,19.057995,148.1,F,GPS,2.38,2.18,0.97,9,4,4,0,0,0,0
04/11/2025,09:08:10,47.474113333333335,19.057995,148.1,F,GPS,2.38,2.18,0.97,9,4,4,0,0,0,0
04/11/2025,09:08:10,47.474113333333335,19.057995,148.1,F,GPS,2.38,2.18,0.97,9,4,4,0,0,0,0
04/11/2025,09:08:11,47.474115,19.057993333333332,148.1,F,GPS,2.38,2.18,0.97,9,4,4,0,0,0,0
04/11/2025,09:08:11,47.474115,19.057993333333332,148.1,F,GPS,2.38,2.18,0.97,9,4,4,0,0,0,0
04/11/2025,09:08:11,47.474115,19.057993333333332,148.1,F,GPS,2.38,2.18,0.97,9,4,4,0,0,0,0
04/11/2025,09:08:11,47.474115,19.057993333333332,148.1,F,GPS,2.38,2.18,0.97,9,4,4,0,0,0,0
04/11/2025,09:08:12,47.47411666666667,19.057993333333332,148.1,F,GPS,2.38,2.18,0.97,9,4,4,0,0,0,0
04/11/2025,09:08:12,47.47411666666667,19.057993333333332,148.1,F,GPS,2.38,2.18,0.97,9,4,4,0,0,0,0
04/11/2025,09:08:12,47.47411666666667,19.057993333333332,148.1,F,GPS,2.38,2.18,0.97,9,4,4,0,0,0,0
04/11/2025,09:08:12,47.47411666666667,19.057993333333332,148.1,F,GPS,2.38,2.18,0.97,9,4,4,0,0,0,0
04/11/2025,09:08:13,47.47411666666667,19.057996666666668,148.1,F,GPS,2.38,2.18,0.97,9,4,4,0,0,0,0
04/11/2025,09:08:13,47.47411666666667,19.057996666666668,148.1,F,GPS,2.38,2.18,0.97,9,4,4,0,0,0,0
04/11/2025,09:08:13,47.47411666666667,19.057996666666668,148.1,F,GPS,2.38,2.18,0.97,9,4,4,0,0,0,0
04/11/2025,09:08:13,47.47411666666667,19.057996666666668,148.1,F,GPS,2.38,2.18,0.97,9,4,4,0,0,0,0
04/11/2025,09:08:13,47.47411666666667,19.057996666666668,148.1,F,GPS,2.38,2.18,0.97,9,4,4,0,0,0,0
04/11/2025,09:08:14,47.47411666666667,19.058001666666666,148.1,F,GPS,2.38,2.18,0.97,9,4,4,0,0,0,0
04/11/2025,09:08:14,47.47411666666667,19.058001666666666,148.1,F,GPS,2.39,2.18,0.97,9,4,4,0,0,0,0
04/11/2025,09:08:14,47.47411666666667,19.058001666666666,148.1,F,GPS,2.39,2.18,0.97,9,4,4,0,0,0,0
04/11/2025,09:08:14,47.47411666666667,19.058001666666666,148.1,F,GPS,2.39,2.18,0.97,9,4,4,0,0,0,0
04/11/2025,09:08:15,47.474115,19.058003333333332,148.1,F,GPS,2.39,2.18,0.97,9,4,4,0,0,0,0
04/11/2025,09:08:15,47.474115,19.058003333333332,148.1,F,GPS,2.39,2.18,0.97,9,4,4,0,0,0,0
04/11/2025,09:08:15,47.474115,19.058003333333332,148.1,F,GPS,2.39,2.18,0.97,9,4,4,0,0,0,0
04/11/2025,09:08:15,47.474115,19.058003333333332,148.1,F,GPS,2.39,2.18,0.97,9,4,4,0,0,0,0
04/11/2025,09:08:16,47.474113333333335,19.058003333333332,148.1,F,GPS,2.39,2.18,0.97,9,4,4,0,0,0,0
04/11/2025,09:08:16,47.474113333333335,19.058003333333332,148.1,F,GPS,2.39,2.18,0.97,9,4,4,0,0,0,0
04/11/2025,09:08:16,47.474113333333335,19.058003333333332,148.1,F,GPS,2.39,2.18,0.97,9,4,4,0,0,0,0
04/11/2025,09:08:16,47.474113333333335,19.058003333333332,148.1,F,GPS,2.39,2.18,0.97,9,4,4,0,0,0,0
04/11/2025,09:08:17,47.474111666666666,19.058003333333332,148.1,F,GPS,2.39,2.18,0.97,9,4,4,0,0,0,0
04/11/2025,09:08:17,47.474111666666666,19.058003333333332,148.1,F,GPS,2.39,2.18,0.97,9,4,4,0,0,0,0
04/11/2025,09:08:17,47.474111666666666,19.058003333333332,148.1,F,GPS,2.39,2.18,0.97,9,4,4,0,0,0,0
04/11/2025,09:08:17,47.474111666666666,19.058003333333332,148.1,F,GPS,2.39,2.18,0.97,9,4,4,0,0,0,0
04/11/2025,09:08:18,47.47411,19.058005,148.1,F,GPS,2.39,2.18,0.97,9,4,4,0,0,0,0
04/11/2025,09:08:18,47.47411,19.058005,148.1,F,GPS,2.39,2.18,0.97,9,4,4,0,0,0,0
04/11/2025,09:08:18,47.47411,19.058005,148.1,F,GPS,2.39,2.18,0.97,9,4,4,0,0,0,0
04/11/2025,09:08:18,47.47411,19.058005,148.1,F,GPS,2.39,2.18,0.97,9,4,4,0,0,0,0
04/11/2025,09:08:18,47.47411,19.058005,148.1,F,GPS,2.39,2.18,0.97,9,4,4,0,0,0,0
04/11/2025,09:08:19,47.474108333333334,19.058003333333332,148.1,F,GPS,2.39,2.18,0.97,9,4,4,0,0,0,0
04/11/2025,09:08:19,47.474108333333334,19.058003333333332,148.1,F,GPS,2.39,2.18,0.97,9,4,4,0,0,0,0
04/11/2025,09:08:19,47.474108333333334,19.058003333333332,148.1,F,GPS,2.39,2.18,0.97,9,4,4,0,0,0,0
04/11/2025,09:08:19,47.474108333333334,19.058003333333332,148.1,F,GPS,2.39,2.18,0.97,9,4,4,0,0,0,0
04/11/2025,09:08:20,47.474108333333334,19.058001666666666,148.1,F,GPS,2.39,2.18,0.97,9,4,4,0,0,0,0
04/11/2025,09:08:20,47.474108333333334,19.058001666666666,148.1,F,GPS,2.39,2.18,0.97,9,4,4,0,0,0,0
04/11/2025,09:08:20,47.474108333333334,19.058001666666666,148.1,F,GPS,2.39,2.18,0.97,9,4,4,0,0,0,0
04/11/2025,09:08:20,47.474108333333334,19.058001666666666,148.1,F,GPS,2.39,2.18,0.97,9,4,4,0,0,0,0
04/11/2025,09:08:21,47.474106666666664,19.058001666666666,148.1,F,GPS,2.39,2.18,0.97,9,4,4,0,0,0,0
04/11/2025,09:08:21,47.474106666666664,19.058001666666666,148.1,F,GPS,2.39,2.18,0.97,9,4,4,0,0,0,0
04/11/2025,09:08:21,47.474106666666664,19.058001666666666,148.1,F,GPS,2.39,2.18,0.97,9,4,4,0,0,0,0
04/11/2025,09:08:21,47.474106666666664,19.058001666666666,148.1,F,GPS,2.39,2.18,0.97,9,4,4,0,0,0,0
04/11/2025,09:08:22,47.474106666666664,19.058,148.1,F,GPS,2.39,2.18,0.97,9,4,4,0,0,0,0
04/11/2025,09:08:22,47.474106666666664,19.058,148.1,F,GPS,2.39,2.18,0.97,9,4,4,0,0,0,0
04/11/2025,09:08:22,47.474106666666664,19.058,148.1,F,GPS,2.39,2.18,0.97,9,4,4,0,0,0,0
04/11/2025,09:08:22,47.474106666666664,19.058,148.1,F,GPS,2.39,2.18,0.97,9,4,4,0,0,0,0
04/11/2025,09:08:23,47.474106666666664,19.057998333333334,148.1,F,GPS,2.39,2.18,0.97,9,4,4,0,0,0,0
04/11/2025,09:08:23,47.474106666666664,19.057998333333334,148.1,F,GPS,2.39,2.18,0.97,9,4,4,0,0,0,0
04/11/2025,09:08:23,47.474106666666664,19.057998333333334,148.1,F,GPS,2.39,2.18,0.97,9,4,4,0,0,0,0
04/11/2025,09:08:23,47.474106666666664,19.057998333333334,148.1,F,GPS,2.39,2.18,0.97,9,4,4,0,0,0,0
04/11/2025,09:08:23,47.474106666666664,19.057998333333334,148.1,F,GPS,2.39,2.18,0.97,9,4,4,0,0,0,0
04/11/2025,09:08:24,47.474106666666664,19.057996666666668,148.1,F,GPS,2.39,2.18,0.97,9,4,4,0,0,0,0
04/11/2025,09:08:24,47.474106666666664,19.057996666666668,148.1,F,GPS,2.39,2.18,0.97,9,4,4,0,0,0,0
04/11/2025,09:08:24,47.474106666666664,19.057996666666668,148.1,F,GPS,2.39,2.18,0.97,9,4,4,0,0,0,0
04/11/2025,09:08:24,47.474106666666664,19.057996666666668,148.1,F,GPS,2.39,2.18,0.97,9,4,4,0,0,0,0
04/11/2025,09:08:25,47.474106666666664,19.057996666666668,148.1,F,GPS,2.39,2.14,0.97,9,4,4,0,0,0,0
04/11/2025,09:08:25,47.474106666666664,19.057996666666668,148.1,F,GPS,2.35,2.14,0.97,9,5,5,0,0,0,0
04/11/2025,09:08:25,47.474106666666664,19.057996666666668,148.1,F,GPS,2.35,2.14,0.97,9,5,5,0,0,0,0
04/11/2025,09:08:25,47.474106666666664,19.057996666666668,148.1,F,GPS,2.35,2.14,0.97,9,5,5,0,0,0,0
04/11/2025,09:08:26,47.474105,19.057996666666668,148.1,F,GPS,2.35,2.14,0.97,9,5,5,0,0,0,0
04/11/2025,09:08:26,47.474105,19.057996666666668,148.1,F,GPS,2.35,2.14,0.97,9,5,5,0,0,0,0
04/11/2025,09:08:26,47.474105,19.057996666666668,148.1,F,GPS,2.35,2.14,0.97,9,5,5,0,0,0,0
04/11/2025,09:08:26,47.474105,19.057996666666668,148.1,F,GPS,2.35,2.14,0.97,9,5,5,0,0,0,0
04/11/2025,09:08:27,47.474105,19.057996666666668,148.1,F,GPS,2.35,2.14,0.97,9,5,5,0,0,0,0
04/11/2025,09:08:27,47.474105,19.057996666666668,148.1,F,GPS,2.35,2.14,0.97,9,5,5,0,0,0,0
04/11/2025,09:08:27,47.474105,19.057996666666668,148.1,F,GPS,2.35,2.14,0.97,9,5,5,0,0,0,0
04/11/2025,09:08:27,47.474105,19.057996666666668,148.1,F,GPS,2.35,2.14,0.97,9,5,5,0,0,0,0
04/11/2025,09:08:28,47.47410333333333,19.057996666666668,148.1,F,GPS,2.35,2.14,0.97,9,5,5,0,0,0,0
04/11/2025,09:08:28,47.47410333333333,19.057996666666668,148.1,F,GPS,2.35,2.14,0.97,9,5,5,0,0,0,0
04/11/2025,09:08:28,47.47410333333333,19.057996666666668,148.1,F,GPS,2.35,2.14,0.97,9,5,5,0,0,0,0
04/11/2025,09:08:28,47.47410333333333,19.057996666666668,148.1,F,GPS,2.35,2.14,0.97,9,5,5,0,0,0,0
04/11/2025,09:08:28,47.47410333333333,19.057996666666668,148.1,F,GPS,2.35,2.14,0.97,9,5,5,0,0,0,0
04/11/2025,09:08:29,47.474093333333336,19.05801,148.1,F,GPS,2.35,2.14,0.97,9,5,5,0,0,0,0
04/11/2025,09:08:29,47.474093333333336,19.05801,148.1,F,GPS,2.35,2.14,0.97,9,5,5,0,0,0,0
04/11/2025,09:08:29,47.474093333333336,19.05801,148.1,F,GPS,2.35,2.14,0.97,9,5,5,0,0,0,0
04/11/2025,09:08:29,47.474093333333336,19.05801,148.1,F,GPS,2.35,2.14,0.97,9,5,5,0,0,0,0
04/11/2025,09:08:30,47.474095,19.05801,148.0,F,GPS,2.35,2.14,0.97,9,5,5,0,0,0,0
04/11/2025,09:08:30,47.474095,19.05801,148.0,F,GPS,2.35,2.14,0.97,9,5,5,0,0,0,0
04/11/2025,09:08:30,47.474095,19.05801,148.0,F,GPS,2.35,2.14,0.97,9,5,5,0,0,0,0
04/11/2025,09:08:30,47.474095,19.05801,148.0,F,GPS,2.35,2.14,0.97,9,5,5,0,0,0,0
04/11/2025,09:08:31,47.47409,19.05801,148.0,F,GPS,2.35,2.14,0.97,9,5,5,0,0,0,0
04/11/2025,09:08:31,47.47409,19.05801,148.0,F,GPS,2.35,2.14,0.97,9,5,5,0,0,0,0
04/11/2025,09:08:31,47.47409,19.05801,148.0,F,GPS,2.35,2.14,0.97,9,5,5,0,0,0,0
04/11/2025,09:08:31,47.47409,19.05801,148.0,F,GPS,2.35,2.14,0.97,9,5,5,0,0,0,0
04/11/2025,09:08:32,47.474086666666665,19.058006666666667,147.9,F,GPS,2.35,2.14,0.97,9,5,5,0,0,0,0
04/11/2025,09:08:32,47.474086666666665,19.058006666666667,147.9,F,GPS,2.35,2.14,0.97,9,5,5,0,0,0,0
04/11/2025,09:08:32,47.474086666666665,19.058006666666667,147.9,F,GPS,2.35,2.14,0.97,9,5,5,0,0,0,0
04/11/2025,09:08:32,47.474086666666665,19.058006666666667,147.9,F,GPS,2.35,2.14,0.97,9,5,5,0,0,0,0
04/11/2025,09:08:33,47.474088333333334,19.058005,147.9,F,GPS,2.35,2.14,0.97,9,5,5,0,0,0,0
04/11/2025,09:08:33,47.474088333333334,19.058005,147.9,F,GPS,2.35,2.14,0.97,9,5,5,0,0,0,0
04/11/2025,09:08:33,47.474088333333334,19.058005,147.9,F,GPS,2.35,2.14,0.97,9,5,5,0,0,0,0
04/11/2025,09:08:33,47.474088333333334,19.058005,147.9,F,GPS,2.35,2.14,0.97,9,5,5,0,0,0,0
04/11/2025,09:08:33,47.474088333333334,19.058005,147.9,F,GPS,2.35,2.14,0.97,9,5,5,0,0,0,0
04/11/2025,09:08:34,47.474086666666665,19.058003333333332,147.8,F,GPS,2.35,2.14,0.97,9,5,5,0,0,0,0
04/11/2025,09:08:34,47.474086666666665,19.058003333333332,147.8,F,GPS,2.35,2.14,0.97,9,5,5,0,0,0,0
04/11/2025,09:08:34,47.474086666666665,19.058003333333332,147.8,F,GPS,2.35,2.14,0.97,9,5,5,0,0,0,0
04/11/2025,09:08:34,47.474086666666665,19.058003333333332,147.8,F,GPS,2.35,2.14,0.97,9,5,5,0,0,0,0
04/11/2025,09:08:35,47.47408333333333,19.057996666666668,147.8,F,GPS,2.35,2.14,0.97,9,5,5,0,0,0,0
04/11/2025,09:08:35,47.47408333333333,19.057996666666668,147.8,F,GPS,2.35,2.14,0.97,9,5,5,0,0,0,0
04/11/2025,09:08:35,47.47408333333333,19.057996666666668,147.8,F,GPS,2.35,2.14,0.97,9,5,5,0,0,0,0
04/11/2025,09:08:35,47.47408333333333,19.057996666666668,147.8,F,GPS,2.35,2.14,0.97,9,5,5,0,0,0,0
04/11/2025,09:08:36,47.47408333333333,19.057996666666668,147.7,F,GPS,2.35,2.14,0.97,9,5,5,0,0,0,0
04/11/2025,09:08:36,47.47408333333333,19.057996666666668,147.7,F,GPS,2.35,2.14,0.97,9,5,5,0,0,0,0
04/11/2025,09:08:36,47.47408333333333,19.057996666666668,147.7,F,GPS,2.35,2.14,0.97,9,5,5,0,0,0,0
04/11/2025,09:08:36,47.47408333333333,19.057996666666668,147.7,F,GPS,2.35,2.14,0.97,9,5,5,0,0,0,0
04/11/2025,09:08:37,47.47408166666666,19.057995,147.7,F,GPS,2.35,2.14,0.97,9,5,5,0,0,0,0
04/11/2025,09:08:37,47.47408166666666,19.057995,147.7,F,GPS,2.35,2.14,0.97,9,5,5,0,0,0,0
04/11/2025,09:08:37,47.47408166666666,19.057995,147.7,F,GPS,2.35,2.14,0.97,9,5,5,0,0,0,0
04/11/2025,09:08:37,47.47408166666666,19.057995,147.7,F,GPS,2.35,2.14,0.97,9,5,5,0,0,0,0
04/11/2025,09:08:38,47.47408333333333,19.057993333333332,147.7,F,GPS,2.35,2.15,0.97,9,5,5,0,0,0,0
04/11/2025,09:08:38,47.47408333333333,19.057993333333332,147.7,F,GPS,2.35,2.15,0.97,9,5,5,0,0,0,0
04/11/2025,09:08:38,47.47408333333333,19.057993333333332,147.7,F,GPS,2.35,2.15,0.97,9,5,5,0,0,0,0
04/11/2025,09:08:38,47.47408333333333,19.057993333333332,147.7,F,GPS,2.35,2.15,0.97,9,5,5,0,0,0,0
04/11/2025,09:08:38,47.47408333333333,19.057993333333332,147.7,F,GPS,2.35,2.15,0.97,9,5,5,0,0,0,0
04/11/2025,09:08:39,47.47408166666666,19.057993333333332,147.7,F,GPS,2.35,2.14,0.97,9,5,5,0,0,0,0
04/11/2025,09:08:39,47.47408166666666,19.057993333333332,147.7,F,GPS,2.35,2.14,0.97,9,5,5,0,0,0,0
04/11/2025,09:08:39,47.47408166666666,19.057993333333332,147.7,F,GPS,2.35,2.14,0.97,9,5,5,0,0,0,0
04/11/2025,09:08:39,47.47408166666666,19.057993333333332,147.7,F,GPS,2.35,2.14,0.97,9,5,5,0,0,0,0
04/11/2025,09:08:40,47.47408333333333,19.057991666666666,147.7,F,GPS,2.35,2.15,0.97,9,5,5,0,0,0,0
04/11/2025,09:08:40,47.47408333333333,19.057991666666666,147.7,F,GPS,2.35,2.15,0.97,9,5,5,0,0,0,0
04/11/2025,09:08:40,47.47408333333333,19.057991666666666,147.7,F,GPS,2.35,2.15,0.97,9,5,5,0,0,0,0
04/11/2025,09:08:40,47.47408333333333,19.057991666666666,147.7,F,GPS,2.35,2.15,0.97,9,5,5,0,0,0,0
04/11/2025,09:08:41,47.47408333333333,19.057991666666666,147.7,F,GPS,2.35,2.14,0.97,9,5,5,0,0,0,0
04/11/2025,09:08:41,47.47408333333333,19.057991666666666,147.7,F,GPS,2.35,2.14,0.97,9,5,5,0,0,0,0
04/11/2025,09:08:41,47.47408333333333,19.057991666666666,147.7,F,GPS,2.35,2.14,0.97,9,5,5,0,0,0,0
04/11/2025,09:08:41,47.47408333333333,19.057991666666666,147.7,F,GPS,2.35,2.14,0.97,9,5,5,0,0,0,0
04/11/2025,09:08:42,47.47408166666666,19.057991666666666,147.7,F,GPS,2.35,2.14,0.97,9,5,5,0,0,0,0
04/11/2025,09:08:42,47.47408166666666,19.057991666666666,147.7,F,GPS,2.35,2.14,0.97,9,5,5,0,0,0,0
04/11/2025,09:08:42,47.47408166666666,19.057991666666666,147.7,F,GPS,2.35,2.14,0.97,9,5,5,0,0,0,0
04/11/2025,09:08:42,47.47408166666666,19.057991666666666,147.7,F,GPS,2.35,2.14,0.97,9,5,5,0,0,0,0
04/11/2025,09:08:43,47.47408166666666,19.057988333333334,147.7,F,GPS,2.35,2.14,0.97,9,5,5,0,0,0,0
04/11/2025,09:08:43,47.47408166666666,19.057988333333334,147.7,F,GPS,2.35,2.14,0.97,9,5,5,0,0,0,0
04/11/2025,09:08:43,47.47408166666666,19.057988333333334,147.7,F,GPS,2.35,2.14,0.97,9,5,5,0,0,0,0
04/11/2025,09:08:43,47.47408166666666,19.057988333333334,147.7,F,GPS,2.35,2.14,0.97,9,5,5,0,0,0,0
04/11/2025,09:08:43,47.47408166666666,19.057988333333334,147.7,F,GPS,2.35,2.14,0.97,9,5,5,0,0,0,0
04/11/2025,09:08:44,47.47408333333333,19.057985,147.7,F,GPS,2.35,2.15,0.97,9,5,5,0,0,0,0
04/11/2025,09:08:44,47.47408333333333,19.057985,147.7,F,GPS,2.35,2.15,0.97,9,5,5,0,0,0,0
04/11/2025,09:08:44,47.47408333333333,19.057985,147.7,F,GPS,2.35,2.15,0.97,9,5,5,0,0,0,0
04/11/2025,09:08:44,47.47408333333333,19.057985,147.7,F,GPS,2.35,2.15,0.97,9,5,5,0,0,0,0
04/11/2025,09:08:45,47.47408333333333,19.057983333333333,147.7,F,GPS,2.35,2.15,0.97,9,5,5,0,0,0,0
04/11/2025,09:08:45,47.47408333333333,19.057983333333333,147.7,F,GPS,2.35,2.15,0.97,9,5,5,0,0,0,0
04/11/2025,09:08:45,47.47408333333333,19.057983333333333,147.7,F,GPS,2.35,2.15,0.97,9,5,5,0,0,0,0
04/11/2025,09:08:45,47.47408333333333,19.057983333333333,147.7,F,GPS,2.35,2.15,0.97,9,5,5,0,0,0,0
04/11/2025,09:08:46,47.47408333333333,19.05798,147.7,F,GPS,2.35,2.15,0.97,9,5,5,0,0,0,0
04/11/2025,09:08:46,47.47408333333333,19.05798,147.7,F,GPS,2.35,2.15,0.97,9,5,5,0,0,0,0
04/11/2025,09:08:46,47.47408333333333,19.05798,147.7,F,GPS,2.35,2.15,0.97,9,5,5,0,0,0,0
04/11/2025,09:08:46,47.47408333333333,19.05798,147.7,F,GPS,2.35,2.15,0.97,9,5,5,0,0,0,0
04/11/2025,09:08:47,47.474085,19.057978333333335,147.7,F,GPS,2.35,2.15,0.97,9,5,5,0,0,0,0
04/11/2025,09:08:47,47.474085,19.057978333333335,147.7,F,GPS,2.36,2.15,0.97,9,5,5,0,0,0,0
04/11/2025,09:08:47,47.474085,19.057978333333335,147.7,F,GPS,2.36,2.15,0.97,9,5,5,0,0,0,0
04/11/2025,09:08:47,47.474085,19.057978333333335,147.7,F,GPS,2.36,2.15,0.97,9,5,5,0,0,0,0
04/11/2025,09:08:48,47.474085,19.057978333333335,147.7,F,GPS,2.36,2.15,0.97,9,5,5,0,0,0,0
04/11/2025,09:08:48,47.474085,19.057978333333335,147.7,F,GPS,2.36,2.15,0.97,9,5,5,0,0,0,0
04/11/2025,09:08:48,47.474085,19.057978333333335,147.7,F,GPS,2.36,2.15,0.97,9,5,5,0,0,0,0
04/11/2025,09:08:48,47.474085,19.057978333333335,147.7,F,GPS,2.36,2.15,0.97,9,5,5,0,0,0,0
04/11/2025,09:08:48,47.474085,19.057978333333335,147.7,F,GPS,2.36,2.15,0.97,9,5,5,0,0,0,0
04/11/2025,09:08:49,47.474085,19.057975,147.7,F,GPS,2.36,2.15,0.97,9,5,5,0,0,0,0
04/11/2025,09:08:49,47.474085,19.057975,147.7,F,GPS,2.36,2.15,0.97,9,5,5,0,0,0,0
04/11/2025,09:08:49,47.474085,19.057975,147.7,F,GPS,2.36,2.15,0.97,9,5,5,0,0,0,0
04/11/2025,09:08:49,47.474085,19.057975,147.7,F,GPS,2.36,2.15,0.97,9,5,5,0,0,0,0
04/11/2025,09:08:50,47.474085,19.057971666666667,147.7,F,GPS,2.36,2.15,0.97,9,5,5,0,0,0,0
04/11/2025,09:08:50,47.474085,19.057971666666667,147.7,F,GPS,2.36,2.15,0.97,9,5,5,0,0,0,0
04/11/2025,09:08:50,47.474085,19.057971666666667,147.7,F,GPS,2.36,2.15,0.97,9,5,5,0,0,0,0
04/11/2025,09:08:50,47.474085,19.057971666666667,147.7,F,GPS,2.36,2.15,0.97,9,5,5,0,0,0,0
04/11/2025,09:08:51,47.474086666666665,19.057971666666667,147.7,F,GPS,2.36,2.15,0.97,9,5,5,0,0,0,0
04/11/2025,09:08:51,47.474086666666665,19.057971666666667,147.7,F,GPS,2.36,2.15,0.97,9,5,5,0,0,0,0
04/11/2025,09:08:51,47.474086666666665,19.057971666666667,147.7,F,GPS,2.36,2.15,0.97,9,5,5,0,0,0,0
04/11/2025,09:08:51,47.474086666666665,19.057971666666667,147.7,F,GPS,2.36,2.15,0.97,9,5,5,0,0,0,0
04/11/2025,09:08:52,47.474086666666665,19.057968333333335,147.7,F,GPS,2.36,2.15,0.97,9,5,5,0,0,0,0
04/11/2025,09:08:52,47.474086666666665,19.057968333333335,147.7,F,GPS,2.36,2.15,0.97,9,5,5,0,0,0,0
04/11/2025,09:08:52,47.474086666666665,19.057968333333335,147.7,F,GPS,2.36,2.15,0.97,9,5,5,0,0,0,0
04/11/2025,09:08:52,47.474086666666665,19.057968333333335,147.7,F,GPS,2.36,2.15,0.97,9,5,5,0,0,0,0
04/11/2025,09:08:53,47.474086666666665,19.057966666666665,147.7,F,GPS,2.36,2.15,0.97,9,5,5,0,0,0,0
04/11/2025,09:08:53,47.474086666666665,19.057966666666665,147.7,F,GPS,2.36,2.15,0.97,9,5,5,0,0,0,0
04/11/2025,09:08:53,47.474086666666665,19.057966666666665,147.7,F,GPS,2.36,2.15,0.97,9,5,5,0,0,0,0
04/11/2025,09:08:53,47.474086666666665,19.057966666666665,147.7,F,GPS,2.36,2.15,0.97,9,5,5,0,0,0,0
04/11/2025,09:08:53,47.474086666666665,19.057966666666665,147.7,F,GPS,2.36,2.15,0.97,9,5,5,0,0,0,0
04/11/2025,09:08:54,47.474085,19.057965,147.7,F,GPS,2.36,2.15,0.97,9,5,5,0,0,0,0
04/11/2025,09:08:54,47.474085,19.057965,147.7,F,GPS,2.36,2.15,0.97,9,5,5,0,0,0,0
04/11/2025,09:08:54,47.474085,19.057965,147.7,F,GPS,2.36,2.15,0.97,9,5,5,0,0,0,0
04/11/2025,09:08:54,47.474085,19.057965,147.7,F,GPS,2.36,2.15,0.97,9,5,5,0,0,0,0
04/11/2025,09:08:55,47.474085,19.057963333333333,147.7,F,GPS,2.36,2.15,0.97,9,5,5,0,0,0,0
04/11/2025,09:08:55,47.474085,19.057963333333333,147.7,F,GPS,2.36,2.15,0.97,9,5,5,0,0,0,0
04/11/2025,09:08:55,47.474085,19.057963333333333,147.7,F,GPS,2.36,2.15,0.97,9,5,5,0,0,0,0
04/11/2025,09:08:55,47.474085,19.057963333333333,147.7,F,GPS,2.36,2.15,0.97,9,5,5,0,0,0,0
04/11/2025,09:08:56,47.474085,19.057961666666667,147.7,F,GPS,2.36,2.15,0.97,9,5,5,0,0,0,0
04/11/2025,09:08:56,47.474085,19.057961666666667,147.7,F,GPS,2.36,2.15,0.97,9,5,5,0,0,0,0
04/11/2025,09:08:56,47.474085,19.057961666666667,147.7,F,GPS,2.36,2.15,0.97,9,5,5,0,0,0,0
04/11/2025,09:08:56,47.474085,19.057961666666667,147.7,F,GPS,2.36,2.15,0.97,9,5,5,0,0,0,0
04/11/2025,09:08:57,47.47408333333333,19.05796,147.7,F,GPS,2.36,2.15,0.97,9,5,5,0,0,0,0
04/11/2025,09:08:57,47.47408333333333,19.05796,147.7,F,GPS,2.36,2.15,0.97,9,5,5,0,0,0,0
04/11/2025,09:08:57,47.47408333333333,19.05796,147.7,F,GPS,2.36,2.15,0.97,9,5,5,0,0,0,0
04/11/2025,09:08:57,47.47408333333333,19.05796,147.7,F,GPS,2.36,2.15,0.97,9,5,5,0,0,0,0
04/11/2025,09:08:58,47.47408333333333,19.057958333333332,147.7,F,GPS,2.36,2.15,0.97,9,5,5,0,0,0,0
04/11/2025,09:08:58,47.47408333333333,19.057958333333332,147.7,F,GPS,2.36,2.15,0.97,9,5,5,0,0,0,0
04/11/2025,09:08:58,47.47408333333333,19.057958333333332,147.7,F,GPS,2.36,2.15,0.97,9,5,5,0,0,0,0
04/11/2025,09:08:58,47.47408333333333,19.057958333333332,147.7,F,GPS,2.36,2.15,0.97,9,5,5,0,0,0,0
04/11/2025,09:08:58,47.47408333333333,19.057958333333332,147.7,F,GPS,2.36,2.15,0.97,9,5,5,0,0,0,0
04/11/2025,09:08:59,47.47408166666666,19.057956666666666,147.7,F,GPS,2.36,2.15,0.97,9,5,5,0,0,0,0
04/11/2025,09:08:59,47.47408166666666,19.057956666666666,147.7,F,GPS,2.36,2.15,0.97,9,5,5,0,0,0,0
04/11/2025,09:08:59,47.47408166666666,19.057956666666666,147.7,F,GPS,2.36,2.15,0.97,9,5,5,0,0,0,0
04/11/2025,09:08:59,47.47408166666666,19.057956666666666,147.7,F,GPS,2.36,2.15,0.97,9,5,5,0,0,0,0
04/11/2025,09:09:00,47.47408166666666,19.057955,147.8,F,GPS,2.36,2.15,0.97,9,5,5,0,0,0,0
04/11/2025,09:09:00,47.47408166666666,19.057955,147.8,F,GPS,2.36,2.15,0.97,9,5,5,0,0,0,0
04/11/2025,09:09:00,47.47408166666666,19.057955,147.8,F,GPS,2.36,2.15,0.97,9,5,5,0,0,0,0
04/11/2025,09:09:00,47.47408166666666,19.057955,147.8,F,GPS,2.36,2.15,0.97,9,5,5,0,0,0,0
04/11/2025,09:09:01,47.47408166666666,19.057953333333334,147.8,F,GPS,2.36,2.15,0.97,9,5,5,0,0,0,0
04/11/2025,09:09:01,47.47408166666666,19.057953333333334,147.8,F,GPS,2.36,2.15,0.97,9,5,5,0,0,0,0
04/11/2025,09:09:01,47.47408166666666,19.057953333333334,147.8,F,GPS,2.36,2.15,0.97,9,5,5,0,0,0,0
04/11/2025,09:09:01,47.47408166666666,19.057953333333334,147.8,F,GPS,2.36,2.15,0.97,9,5,5,0,0,0,0
04/11/2025,09:09:02,47.47408166666666,19.057951666666668,147.8,F,GPS,2.36,2.15,0.97,9,5,5,0,0,0,0
04/11/2025,09:09:02,47.47408166666666,19.057951666666668,147.8,F,GPS,2.36,2.15,0.97,9,5,5,0,0,0,0
04/11/2025,09:09:02,47.47408166666666,19.057951666666668,147.8,F,GPS,2.36,2.15,0.97,9,5,5,0,0,0,0
04/11/2025,09:09:02,47.47408166666666,19.057951666666668,147.8,F,GPS,2.36,2.15,0.97,9,5,5,0,0,0,0
04/11/2025,09:09:03,47.47408166666666,19.05795,147.8,F,GPS,2.36,2.15,0.97,9,5,5,0,0,0,0
04/11/2025,09:09:03,47.47408166666666,19.05795,147.8,F,GPS,2.36,2.15,0.97,9,5,5,0,0,0,0
04/11/2025,09:09:03,47.47408166666666,19.05795,147.8,F,GPS,2.36,2.15,0.97,9,5,5,0,0,0,0
04/11/2025,09:09:03,47.47408166666666,19.05795,147.8,F,GPS,2.36,2.15,0.97,9,5,5,0,0,0,0
04/11/2025,09:09:03,47.47408166666666,19.05795,147.8,F,GPS,2.36,2.15,0.97,9,5,5,0,0,0,0
04/11/2025,09:09:04,47.47408333333333,19.05795,147.8,F,GPS,2.36,2.15,0.97,9,5,5,0,0,0,0
04/11/2025,09:09:04,47.47408333333333,19.05795,147.8,F,GPS,2.36,2.15,0.97,9,5,5,0,0,0,0
04/11/2025,09:09:04,47.47408333333333,19.05795,147.8,F,GPS,2.36,2.15,0.97,9,5,5,0,0,0,0
04/11/2025,09:09:04,47.47408333333333,19.05795,147.8,F,GPS,2.36,2.15,0.97,9,5,5,0,0,0,0
04/11/2025,09:09:05,47.474085,19.057948333333332,147.8,F,GPS,2.36,2.88,0.97,9,5,5,0,0,0,0
04/11/2025,09:09:05,47.474085,19.057948333333332,147.8,F,GPS,4.79,2.88,3.83,9,5,5,0,0,0,0
04/11/2025,09:09:05,47.474085,19.057948333333332,147.8,F,GPS,4.79,2.88,3.83,9,5,5,0,0,0,0
04/11/2025,09:09:05,47.474085,19.057948333333332,147.8,F,GPS,4.79,2.88,3.83,9,5,5,0,0,0,0
04/11/2025,09:09:06,47.474086666666665,19.057946666666666,147.8,F,GPS,4.79,2.16,3.83,9,5,5,0,0,0,0
04/11/2025,09:09:06,47.474086666666665,19.057946666666666,147.8,F,GPS,2.36,2.16,0.97,9,5,5,0,0,0,0
04/11/2025,09:09:06,47.474086666666665,19.057946666666666,147.8,F,GPS,2.36,2.16,0.97,9,5,5,0,0,0,0
04/11/2025,09:09:06,47.474086666666665,19.057946666666666,147.8,F,GPS,2.36,2.16,0.97,9,5,5,0,0,0,0
04/11/2025,09:09:07,47.474088333333334,19.057946666666666,147.8,F,GPS,2.36,2.15,0.97,9,5,5,0,0,0,0
04/11/2025,09:09:07,47.474088333333334,19.057946666666666,147.8,F,GPS,2.36,2.15,0.97,9,5,5,0,0,0,0
04/11/2025,09:09:07,47.474088333333334,19.057946666666666,147.8,F,GPS,2.36,2.15,0.97,9,5,5,0,0,0,0
04/11/2025,09:09:07,47.474088333333334,19.057946666666666,147.8,F,GPS,2.36,2.15,0.97,9,5,5,0,0,0,0
04/11/2025,09:09:08,47.47409,19.057946666666666,147.8,F,GPS,2.36,2.88,0.97,9,5,5,0,0,0,0
04/11/2025,09:09:08,47.47409,19.057946666666666,147.8,F,GPS,4.79,2.88,3.83,9,5,5,0,0,0,0
04/11/2025,09:09:08,47.47409,19.057946666666666,147.8,F,GPS,4.79,2.88,3.83,10,5,5,0,0,0,0
04/11/2025,09:09:08,47.47409,19.057946666666666,147.8,F,GPS,4.79,2.88,3.83,10,5,5,0,0,0,0
04/11/2025,09:09:08,47.47409,19.057946666666666,147.8,F,GPS,4.79,2.88,3.83,10,5,5,0,0,0,0
04/11/2025,09:09:09,47.474091666666666,19.057946666666666,147.8,F,GPS,4.79,2.88,3.83,10,5,5,0,0,0,0
04/11/2025,09:09:09,47.474091666666666,19.057946666666666,147.8,F,GPS,4.79,2.88,3.83,10,5,5,0,0,0,0
04/11/2025,09:09:09,47.474091666666666,19.057946666666666,147.8,F,GPS,4.79,2.88,3.83,10,5,5,0,0,0,0
04/11/2025,09:09:09,47.474091666666666,19.057946666666666,147.8,F,GPS,4.79,2.88,3.83,10,5,5,0,0,0,0
04/11/2025,09:09:10,47.474093333333336,19.057946666666666,147.8,F,GPS,4.79,2.88,3.83,10,5,5,0,0,0,0
04/11/2025,09:09:10,47.474093333333336,19.057946666666666,147.8,F,GPS,4.79,2.88,3.83,10,5,5,0,0,0,0
04/11/2025,09:09:10,47.474093333333336,19.057946666666666,147.8,F,GPS,4.79,2.88,3.83,10,5,5,0,0,0,0
04/11/2025,09:09:10,47.474093333333336,19.057946666666666,147.8,F,GPS,4.79,2.88,3.83,10,5,5,0,0,0,0
04/11/2025,09:09:11,47.47409666666667,19.057946666666666,147.8,F,GPS,4.79,2.88,3.83,10,5,5,0,0,0,0
04/11/2025,09:09:11,47.47409666666667,19.057946666666666,147.8,F,GPS,4.79,2.88,3.83,10,5,5,0,0,0,0
04/11/2025,09:09:11,47.47409666666667,19.057946666666666,147.8,F,GPS,4.79,2.88,3.83,10,5,5,0,0,0,0
04/11/2025,09:09:11,47.47409666666667,19.057946666666666,147.8,F,GPS,4.79,2.88,3.83,10,5,5,0,0,0,0
04/11/2025,09:09:12,47.47409833333333,19.057946666666666,147.8,F,GPS,4.79,2.88,3.83,10,5,5,0,0,0,0
04/11/2025,09:09:12,47.47409833333333,19.057946666666666,147.8,F,GPS,4.79,2.88,3.82,10,5,5,0,0,0,0
04/11/2025,09:09:12,47.47409833333333,19.057946666666666,147.8,F,GPS,4.79,2.88,3.82,10,5,5,0,0,0,0
04/11/2025,09:09:12,47.47409833333333,19.057946666666666,147.8,F,GPS,4.79,2.88,3.82,10,5,5,0,0,0,0
04/11/2025,09:09:13,47.47409666666667,19.057945,147.9,F,GPS,4.79,2.89,3.82,10,5,5,0,0,0,0
04/11/2025,09:09:13,47.47409666666667,19.057945,147.9,F,GPS,4.79,2.89,3.83,10,5,5,0,0,0,0
04/11/2025,09:09:13,47.47409666666667,19.057945,147.9,F,GPS,4.79,2.89,3.83,10,5,5,0,0,0,0
04/11/2025,09:09:13,47.47409666666667,19.057945,147.9,F,GPS,4.79,2.89,3.83,10,5,5,0,0,0,0
04/11/2025,09:09:13,47.47409666666667,19.057945,147.9,F,GPS,4.79,2.89,3.83,10,5,5,0,0,0,0
04/11/2025,09:09:14,47.474091666666666,19.057941666666668,148.0,F,GPS,4.79,2.89,3.83,10,5,5,0,0,0,0
04/11/2025,09:09:14,47.474091666666666,19.057941666666668,148.0,F,GPS,4.79,2.89,3.82,10,5,5,0,0,0,0
04/11/2025,09:09:14,47.474091666666666,19.057941666666668,148.0,F,GPS,4.79,2.89,3.82,10,5,5,0,0,0,0
04/11/2025,09:09:14,47.474091666666666,19.057941666666668,148.0,F,GPS,4.79,2.89,3.82,10,5,5,0,0,0,0
04/11/2025,09:09:15,47.47410166666667,19.057941666666668,148.0,F,GPS,4.79,2.89,3.82,10,5,5,0,0,0,0
04/11/2025,09:09:15,47.47410166666667,19.057941666666668,148.0,F,GPS,4.79,2.89,3.82,10,5,5,0,0,0,0
04/11/2025,09:09:15,47.47410166666667,19.057941666666668,148.0,F,GPS,4.79,2.89,3.82,10,5,5,0,0,0,0
04/11/2025,09:09:15,47.47410166666667,19.057941666666668,148.0,F,GPS,4.79,2.89,3.82,10,5,5,0,0,0,0
04/11/2025,09:09:16,47.474111666666666,19.05794,148.2,F,GPS,4.79,2.89,3.82,10,5,5,0,0,0,0
04/11/2025,09:09:16,47.474111666666666,19.05794,148.2,F,GPS,4.79,2.89,3.83,10,5,5,0,0,0,0
04/11/2025,09:09:16,47.474111666666666,19.05794,148.2,F,GPS,4.79,2.89,3.83,10,5,5,0,0,0,0
04/11/2025,09:09:16,47.474111666666666,19.05794,148.2,F,GPS,4.79,2.89,3.83,10,5,5,0,0,0,0
04/11/2025,09:09:17,47.474115,19.057941666666668,148.2,F,GPS,4.79,2.89,3.83,10,5,5,0,0,0,0
04/11/2025,09:09:17,47.474115,19.057941666666668,148.2,F,GPS,4.79,2.89,3.82,10,5,5,0,0,0,0
04/11/2025,09:09:17,47.474115,19.057941666666668,148.2,F,GPS,4.79,2.89,3.82,10,5,5,0,0,0,0
04/11/2025,09:09:17,47.474115,19.057941666666668,148.2,F,GPS,4.79,2.89,3.82,10,5,5,0,0,0,0
04/11/2025,09:09:18,47.47411666666667,19.057945,148.3,F,GPS,4.79,2.89,3.82,10,5,5,0,0,0,0
04/11/2025,09:09:18,47.47411666666667,19.057945,148.3,F,GPS,4.79,2.89,3.83,10,5,5,0,0,0,0
04/11/2025,09:09:18,47.47411666666667,19.057945,148.3,F,GPS,4.79,2.89,3.83,10,5,5,0,0,0,0
04/11/2025,09:09:18,47.47411666666667,19.057945,148.3,F,GPS,4.79,2.89,3.83,10,5,5,0,0,0,0
04/11/2025,09:09:18,47.47411666666667,19.057945,148.3,F,GPS,4.79,2.89,3.83,10,5,5,0,0,0,0
04/11/2025,09:09:19,47.47411833333334,19.057945,148.3,F,GPS,4.79,2.89,3.83,10,5,5,0,0,0,0
04/11/2025,09:09:19,47.47411833333334,19.057945,148.3,F,GPS,4.79,2.89,3.82,10,5,5,0,0,0,0
04/11/2025,09:09:19,47.47411833333334,19.057945,148.3,F,GPS,4.79,2.89,3.82,10,5,5,0,0,0,0
04/11/2025,09:09:19,47.47411833333334,19.057945,148.3,F,GPS,4.79,2.89,3.82,10,5,5,0,0,0,0
04/11/2025,09:09:20,47.47412,19.057943333333334,148.4,F,GPS,4.79,2.89,3.82,10,5,5,0,0,0,0
04/11/2025,09:09:20,47.47412,19.057943333333334,148.4,F,GPS,4.79,2.89,3.82,10,5,5,0,0,0,0
04/11/2025,09:09:20,47.47412,19.057943333333334,148.4,F,GPS,4.79,2.89,3.82,10,5,5,0,0,0,0
04/11/2025,09:09:20,47.47412,19.057943333333334,148.4,F,GPS,4.79,2.89,3.82,10,5,5,0,0,0,0
04/11/2025,09:09:21,47.47412166666667,19.057943333333334,148.4,F,GPS,4.79,2.89,3.82,10,5,5,0,0,0,0
04/11/2025,09:09:21,47.47412166666667,19.057943333333334,148.4,F,GPS,4.79,2.89,3.82,10,5,5,0,0,0,0
04/11/2025,09:09:21,47.47412166666667,19.057943333333334,148.4,F,GPS,4.79,2.89,3.82,10,5,5,0,0,0,0
04/11/2025,09:09:21,47.47412166666667,19.057943333333334,148.4,F,GPS,4.79,2.89,3.82,10,5,5,0,0,0,0
04/11/2025,09:09:22,47.47412333333333,19.057941666666668,148.4,F,GPS,4.79,2.89,3.82,10,5,5,0,0,0,0
04/11/2025,09:09:22,47.47412333333333,19.057941666666668,148.4,F,GPS,4.79,2.89,3.82,10,5,5,0,0,0,0
04/11/2025,09:09:22,47.47412333333333,19.057941666666668,148.4,F,GPS,4.79,2.89,3.82,10,5,5,0,0,0,0
04/11/2025,09:09:22,47.47412333333333,19.057941666666668,148.4,F,GPS,4.79,2.89,3.82,10,5,5,0,0,0,0
04/11/2025,09:09:23,47.474125,19.057941666666668,148.4,F,GPS,4.79,2.16,3.82,10,5,5,0,0,0,0
04/11/2025,09:09:23,47.474125,19.057941666666668,148.4,F,GPS,2.37,2.16,0.97,10,5,5,0,0,0,0
04/11/2025,09:09:23,47.474125,19.057941666666668,148.4,F,GPS,2.37,2.16,0.97,10,5,5,0,0,0,0
04/11/2025,09:09:23,47.474125,19.057941666666668,148.4,F,GPS,2.37,2.16,0.97,10,5,5,0,0,0,0
04/11/2025,09:09:23,47.474125,19.057941666666668,148.4,F,GPS,2.37,2.16,0.97,10,5,5,0,0,0,0
04/11/2025,09:09:24,47.47412666666666,19.05794,148.4,F,GPS,2.37,2.16,0.97,10,5,5,0,0,0,0
04/11/2025,09:09:24,47.47412666666666,19.05794,148.4,F,GPS,2.37,2.16,0.97,10,5,5,0,0,0,0
04/11/2025,09:09:24,47.47412666666666,19.05794,148.4,F,GPS,2.37,2.16,0.97,10,5,5,0,0,0,0
04/11/2025,09:09:24,47.47412666666666,19.05794,148.4,F,GPS,2.37,2.16,0.97,10,5,5,0,0,0,0
04/11/2025,09:09:25,47.47412833333333,19.05794,148.4,F,GPS,2.37,2.89,0.97,10,5,5,0,0,0,0
04/11/2025,09:09:25,47.47412833333333,19.05794,148.4,F,GPS,4.79,2.89,3.82,10,5,5,0,0,0,0
04/11/2025,09:09:25,47.47412833333333,19.05794,148.4,F,GPS,4.79,2.89,3.82,10,5,5,0,0,0,0
04/11/2025,09:09:25,47.47412833333333,19.05794,148.4,F,GPS,4.79,2.89,3.82,10,5,5,0,0,0,0
04/11/2025,09:09:26,47.47412833333333,19.05794,148.4,F,GPS,4.79,2.16,3.82,10,5,5,0,0,0,0
04/11/2025,09:09:26,47.47412833333333,19.05794,148.4,F,GPS,2.37,2.16,0.97,10,5,5,0,0,0,0
04/11/2025,09:09:26,47.47412833333333,19.05794,148.4,F,GPS,2.37,2.16,0.97,10,5,5,0,0,0,0
04/11/2025,09:09:26,47.47412833333333,19.05794,148.4,F,GPS,2.37,2.16,0.97,10,5,5,0,0,0,0
04/11/2025,09:09:27,47.47413,19.057938333333333,148.4,F,GPS,2.37,2.16,0.97,10,5,5,0,0,0,0
04/11/2025,09:09:27,47.47413,19.057938333333333,148.4,F,GPS,2.37,2.16,0.97,10,5,5,0,0,0,0
04/11/2025,09:09:27,47.47413,19.057938333333333,148.4,F,GPS,2.37,2.16,0.97,10,5,5,0,0,0,0
04/11/2025,09:09:27,47.47413,19.057938333333333,148.4,F,GPS,2.37,2.16,0.97,10,5,5,0,0,0,0
04/11/2025,09:09:28,47.474131666666665,19.057938333333333,148.4,F,GPS,2.37,2.89,0.97,10,5,5,0,0,0,0
04/11/2025,09:09:28,47.474131666666665,19.057938333333333,148.4,F,GPS,4.79,2.89,3.82,10,5,5,0,0,0,0
04/11/2025,09:09:28,47.474131666666665,19.057938333333333,148.4,F,GPS,4.79,2.89,3.82,10,5,5,0,0,0,0
04/11/2025,09:09:28,47.474131666666665,19.057938333333333,148.4,F,GPS,4.79,2.89,3.82,10,5,5,0,0,0,0
04/11/2025,09:09:28,47.474131666666665,19.057938333333333,148.4,F,GPS,4.79,2.89,3.82,10,5,5,0,0,0,0
04/11/2025,09:09:29,47.474133333333334,19.057938333333333,148.4,F,GPS,4.79,2.89,3.82,10,5,5,0,0,0,0
04/11/2025,09:09:29,47.474133333333334,19.057938333333333,148.4,F,GPS,4.79,2.89,3.82,10,5,5,0,0,0,0
04/11/2025,09:09:29,47.474133333333334,19.057938333333333,148.4,F,GPS,4.79,2.89,3.82,10,5,5,0,0,0,0
04/11/2025,09:09:29,47.474133333333334,19.057938333333333,148.4,F,GPS,4.79,2.89,3.82,10,5,5,0,0,0,0
04/11/2025,09:09:30,47.474133333333334,19.057938333333333,148.4,F,GPS,4.79,2.89,3.82,10,5,5,0,0,0,0
04/11/2025,09:09:30,47.474133333333334,19.057938333333333,148.4,F,GPS,4.79,2.89,3.82,10,5,5,0,0,0,0
04/11/2025,09:09:30,47.474133333333334,19.057938333333333,148.4,F,GPS,4.79,2.89,3.82,10,5,5,0,0,0,0
04/11/2025,09:09:30,47.474133333333334,19.057938333333333,148.4,F,GPS,4.79,2.89,3.82,10,5,5,0,0,0,0
04/11/2025,09:09:31,47.474135,19.057938333333333,148.4,F,GPS,4.79,2.89,3.82,10,5,5,0,0,0,0
04/11/2025,09:09:31,47.474135,19.057938333333333,148.4,F,GPS,4.79,2.89,3.82,10,5,5,0,0,0,0
04/11/2025,09:09:31,47.474135,19.057938333333333,148.4,F,GPS,4.79,2.89,3.82,10,5,5,0,0,0,0
04/11/2025,09:09:31,47.474135,19.057938333333333,148.4,F,GPS,4.79,2.89,3.82,10,5,5,0,0,0,0
04/11/2025,09:09:32,47.474135,19.057938333333333,148.4,F,GPS,4.79,2.89,3.82,10,5,5,0,0,0,0
04/11/2025,09:09:32,47.474135,19.057938333333333,148.4,F,GPS,4.79,2.89,3.82,10,5,5,0,0,0,0
04/11/2025,09:09:32,47.474135,19.057938333333333,148.4,F,GPS,4.79,2.89,3.82,10,5,5,0,0,0,0
04/11/2025,09:09:32,47.474135,19.057938333333333,148.4,F,GPS,4.79,2.89,3.82,10,5,5,0,0,0,0
04/11/2025,09:09:33,47.474135,19.05794,148.4,F,GPS,4.79,2.17,3.82,10,5,5,0,0,0,0
04/11/2025,09:09:33,47.474135,19.05794,148.4,F,GPS,2.37,2.17,0.97,10,5,5,0,0,0,0
04/11/2025,09:09:33,47.474135,19.05794,148.4,F,GPS,2.37,2.17,0.97,10,5,5,0,0,0,0
04/11/2025,09:09:33,47.474135,19.05794,148.4,F,GPS,2.37,2.17,0.97,10,5,5,0,0,0,0
04/11/2025,09:09:33,47.474135,19.05794,148.4,F,GPS,2.37,2.17,0.97,10,5,5,0,0,0,0
04/11/2025,09:09:34,47.474133333333334,19.05794,148.4,F,GPS,2.37,2.17,0.97,10,5,5,0,0,0,0
04/11/2025,09:09:34,47.474133333333334,19.05794,148.4,F,GPS,2.37,2.17,0.97,10,5,5,0,0,0,0
04/11/2025,09:09:34,47.474133333333334,19.05794,148.4,F,GPS,2.37,2.17,0.97,10,5,5,0,0,0,0
04/11/2025,09:09:34,47.474133333333334,19.05794,148.4,F,GPS,2.37,2.17,0.97,10,5,5,0,0,0,0
04/11/2025,09:09:35,47.474133333333334,19.05794,148.4,F,GPS,2.37,2.17,0.97,10,5,5,0,0,0,0
04/11/2025,09:09:35,47.474133333333334,19.05794,148.4,F,GPS,2.37,2.17,0.97,10,5,5,0,0,0,0
04/11/2025,09:09:35,47.474133333333334,19.05794,148.4,F,GPS,2.37,2.17,0.97,10,5,5,0,0,0,0
04/11/2025,09:09:35,47.474133333333334,19.05794,148.4,F,GPS,2.37,2.17,0.97,10,5,5,0,0,0,0
04/11/2025,09:09:36,47.474131666666665,19.057938333333333,148.4,F,GPS,2.37,2.17,0.97,10,5,5,0,0,0,0
04/11/2025,09:09:36,47.474131666666665,19.057938333333333,148.4,F,GPS,2.37,2.17,0.97,10,5,5,0,0,0,0
04/11/2025,09:09:36,47.474131666666665,19.057938333333333,148.4,F,GPS,2.37,2.17,0.97,10,5,5,0,0,0,0
04/11/2025,09:09:36,47.474131666666665,19.057938333333333,148.4,F,GPS,2.37,2.17,0.97,10,5,5,0,0,0,0
04/11/2025,09:09:37,47.474131666666665,19.057938333333333,148.4,F,GPS,2.37,2.17,0.97,10,5,5,0,0,0,0
04/11/2025,09:09:37,47.474131666666665,19.057938333333333,148.4,F,GPS,2.37,2.17,0.97,10,5,5,0,0,0,0
04/11/2025,09:09:37,47.474131666666665,19.057938333333333,148.4,F,GPS,2.37,2.17,0.97,10,5,5,0,0,0,0
04/11/2025,09:09:37,47.474131666666665,19.057938333333333,148.4,F,GPS,2.37,2.17,0.97,10,5,5,0,0,0,0
04/11/2025,09:09:38,47.474131666666665,19.057938333333333,148.5,F,GPS,2.37,2.17,0.97,10,5,5,0,0,0,0
04/11/2025,09:09:38,47.474131666666665,19.057938333333333,148.5,F,GPS,2.38,2.17,0.97,10,5,5,0,0,0,0
04/11/2025,09:09:38,47.474131666666665,19.057938333333333,148.5,F,GPS,2.38,2.17,0.97,10,5,5,0,0,0,0
04/11/2025,09:09:38,47.474131666666665,19.057938333333333,148.5,F,GPS,2.38,2.17,0.97,10,5,5,0,0,0,0
04/11/2025,09:09:38,47.474131666666665,19.057938333333333,148.5,F,GPS,2.38,2.17,0.97,10,5,5,0,0,0,0
04/11/2025,09:09:39,47.47413,19.057938333333333,148.5,F,GPS,2.38,2.17,0.97,10,5,5,0,0,0,0
04/11/2025,09:09:39,47.47413,19.057938333333333,148.5,F,GPS,2.37,2.17,0.97,10,5,5,0,0,0,0
04/11/2025,09:09:39,47.47413,19.057938333333333,148.5,F,GPS,2.37,2.17,0.97,10,5,5,0,0,0,0
04/11/2025,09:09:39,47.47413,19.057938333333333,148.5,F,GPS,2.37,2.17,0.97,10,5,5,0,0,0,0
04/11/2025,09:09:40,47.47412833333333,19.057938333333333,148.5,F,GPS,2.37,2.17,0.97,10,5,5,0,0,0,0
04/11/2025,09:09:40,47.47412833333333,19.057938333333333,148.5,F,GPS,2.37,2.17,0.97,10,5,5,0,0,0,0
04/11/2025,09:09:40,47.47412833333333,19.057938333333333,148.5,F,GPS,2.37,2.17,0.97,10,5,5,0,0,0,0
04/11/2025,09:09:40,47.47412833333333,19.057938333333333,148.5,F,GPS,2.37,2.17,0.97,10,5,5,0,0,0,0
